-- phpMyAdmin SQL Dump
-- version 4.5.1
-- http://www.phpmyadmin.net
--
-- Client :  127.0.0.1
-- Généré le :  Mer 03 Février 2016 à 15:03
-- Version du serveur :  10.1.8-MariaDB
-- Version de PHP :  5.6.14

SET SQL_MODE = "NO_AUTO_VALUE_ON_ZERO";
SET time_zone = "+00:00";


/*!40101 SET @OLD_CHARACTER_SET_CLIENT=@@CHARACTER_SET_CLIENT */;
/*!40101 SET @OLD_CHARACTER_SET_RESULTS=@@CHARACTER_SET_RESULTS */;
/*!40101 SET @OLD_COLLATION_CONNECTION=@@COLLATION_CONNECTION */;
/*!40101 SET NAMES utf8mb4 */;

--
-- Base de données :  `mcqcm`
--

-- --------------------------------------------------------

--
-- Structure de la table `answers`
--

CREATE TABLE `answers` (
  `id` bigint(20) UNSIGNED NOT NULL,
  `session_id` bigint(20) UNSIGNED NOT NULL,
  `user_id` bigint(20) UNSIGNED NOT NULL,
  `question_id` bigint(20) UNSIGNED NOT NULL,
  `choices` longtext COLLATE utf8mb4_unicode_ci NOT NULL COMMENT '(DC2Type:array)'
) ENGINE=InnoDB DEFAULT CHARSET=utf8mb4 COLLATE=utf8mb4_unicode_ci;

--
-- Contenu de la table `answers`
--

INSERT INTO `answers` (`id`, `session_id`, `user_id`, `question_id`, `choices`) VALUES
(1, 1, 1, 1, 'a:5:{i:1;i:0;i:3;i:0;i:4;i:0;i:6;i:0;i:8;i:1;}'),
(2, 1, 1, 2, 'a:5:{i:10;i:0;i:12;i:0;i:13;i:0;i:14;i:1;i:16;i:0;}'),
(3, 1, 1, 3, 'a:5:{i:21;i:0;i:22;i:1;i:24;i:0;i:26;i:0;i:27;i:1;}'),
(4, 1, 1, 4, 'a:5:{i:31;i:0;i:32;i:0;i:34;i:0;i:35;i:1;i:37;i:0;}'),
(5, 1, 1, 5, 'a:5:{i:40;i:1;i:42;i:1;i:44;i:0;i:45;i:1;i:46;i:1;}'),
(6, 1, 1, 6, 'a:5:{i:51;i:0;i:52;i:0;i:54;i:0;i:55;i:1;i:56;i:0;}'),
(7, 1, 1, 7, 'a:5:{i:60;i:1;i:62;i:1;i:63;i:0;i:65;i:1;i:67;i:1;}'),
(8, 1, 1, 8, 'a:5:{i:70;i:0;i:71;i:0;i:73;i:0;i:74;i:0;i:75;i:1;}'),
(9, 1, 1, 9, 'a:5:{i:81;i:0;i:82;i:0;i:83;i:0;i:84;i:1;i:86;i:0;}'),
(10, 1, 1, 10, 'a:5:{i:91;i:1;i:92;i:0;i:94;i:1;i:95;i:1;i:97;i:1;}'),
(11, 1, 1, 11, 'a:5:{i:100;i:1;i:101;i:1;i:103;i:1;i:104;i:0;i:106;i:1;}'),
(12, 1, 1, 12, 'a:5:{i:111;i:1;i:113;i:1;i:115;i:1;i:117;i:0;i:119;i:0;}'),
(13, 1, 1, 13, 'a:5:{i:121;i:1;i:123;i:0;i:124;i:0;i:125;i:0;i:126;i:0;}'),
(14, 1, 1, 14, 'a:5:{i:130;i:0;i:132;i:1;i:134;i:1;i:135;i:0;i:136;i:1;}'),
(15, 1, 1, 15, 'a:5:{i:140;i:0;i:142;i:1;i:143;i:1;i:145;i:0;i:146;i:0;}'),
(16, 1, 1, 16, 'a:5:{i:151;i:1;i:152;i:0;i:154;i:0;i:155;i:0;i:157;i:0;}'),
(17, 1, 1, 17, 'a:5:{i:161;i:1;i:162;i:0;i:163;i:1;i:165;i:1;i:166;i:1;}'),
(18, 1, 1, 18, 'a:5:{i:170;i:1;i:172;i:0;i:174;i:0;i:175;i:1;i:176;i:0;}'),
(19, 1, 1, 19, 'a:5:{i:181;i:1;i:183;i:1;i:184;i:1;i:185;i:1;i:186;i:1;}'),
(20, 1, 1, 20, 'a:5:{i:190;i:1;i:192;i:0;i:194;i:1;i:196;i:1;i:198;i:0;}'),
(21, 1, 1, 21, 'a:5:{i:201;i:0;i:203;i:1;i:204;i:1;i:206;i:0;i:207;i:0;}'),
(22, 1, 1, 22, 'a:5:{i:210;i:1;i:211;i:0;i:212;i:0;i:214;i:1;i:215;i:0;}'),
(23, 1, 1, 23, 'a:5:{i:221;i:1;i:222;i:0;i:224;i:0;i:226;i:0;i:227;i:0;}'),
(24, 1, 1, 24, 'a:5:{i:230;i:0;i:231;i:0;i:232;i:0;i:234;i:0;i:235;i:1;}'),
(25, 1, 1, 25, 'a:5:{i:240;i:0;i:241;i:1;i:243;i:0;i:244;i:1;i:246;i:0;}'),
(26, 1, 2, 1, 'a:5:{i:250;i:0;i:251;i:0;i:252;i:1;i:254;i:0;i:256;i:0;}'),
(27, 1, 2, 2, 'a:5:{i:261;i:0;i:262;i:1;i:263;i:0;i:265;i:0;i:267;i:0;}'),
(28, 1, 2, 3, 'a:5:{i:271;i:0;i:273;i:1;i:275;i:0;i:277;i:1;i:278;i:0;}'),
(29, 1, 2, 4, 'a:5:{i:281;i:0;i:282;i:1;i:284;i:0;i:285;i:0;i:286;i:1;}'),
(30, 1, 2, 5, 'a:5:{i:290;i:1;i:292;i:0;i:294;i:1;i:295;i:0;i:297;i:0;}'),
(31, 1, 2, 6, 'a:5:{i:300;i:1;i:302;i:1;i:303;i:1;i:305;i:0;i:307;i:0;}'),
(32, 1, 2, 7, 'a:5:{i:310;i:1;i:312;i:1;i:313;i:0;i:315;i:1;i:316;i:1;}'),
(33, 1, 2, 8, 'a:5:{i:320;i:0;i:321;i:1;i:322;i:0;i:323;i:0;i:324;i:0;}'),
(34, 1, 2, 9, 'a:5:{i:330;i:1;i:331;i:0;i:332;i:0;i:333;i:0;i:335;i:1;}'),
(35, 1, 2, 10, 'a:5:{i:340;i:1;i:342;i:0;i:344;i:0;i:345;i:1;i:346;i:1;}'),
(36, 1, 2, 11, 'a:5:{i:351;i:0;i:352;i:1;i:354;i:0;i:355;i:1;i:356;i:1;}'),
(37, 1, 2, 12, 'a:5:{i:361;i:0;i:363;i:1;i:364;i:0;i:365;i:0;i:367;i:1;}'),
(38, 1, 2, 13, 'a:5:{i:370;i:1;i:372;i:1;i:374;i:1;i:376;i:0;i:378;i:0;}'),
(39, 1, 2, 14, 'a:5:{i:380;i:0;i:381;i:1;i:383;i:0;i:385;i:1;i:387;i:1;}'),
(40, 1, 2, 15, 'a:5:{i:391;i:0;i:392;i:0;i:393;i:1;i:395;i:1;i:396;i:1;}'),
(41, 1, 2, 16, 'a:5:{i:400;i:1;i:402;i:0;i:404;i:1;i:405;i:0;i:406;i:0;}'),
(42, 1, 2, 17, 'a:5:{i:410;i:0;i:412;i:1;i:413;i:1;i:415;i:1;i:417;i:1;}'),
(43, 1, 2, 18, 'a:5:{i:421;i:0;i:422;i:1;i:424;i:1;i:426;i:0;i:428;i:0;}'),
(44, 1, 2, 19, 'a:5:{i:431;i:1;i:433;i:1;i:434;i:0;i:435;i:0;i:436;i:1;}'),
(45, 1, 2, 20, 'a:5:{i:441;i:0;i:442;i:0;i:443;i:0;i:444;i:1;i:445;i:0;}'),
(46, 1, 2, 21, 'a:5:{i:450;i:1;i:451;i:1;i:453;i:0;i:454;i:1;i:455;i:0;}'),
(47, 1, 2, 22, 'a:5:{i:460;i:0;i:461;i:1;i:462;i:1;i:463;i:1;i:464;i:0;}'),
(48, 1, 2, 23, 'a:5:{i:470;i:0;i:472;i:1;i:474;i:1;i:476;i:1;i:477;i:0;}'),
(49, 1, 2, 24, 'a:5:{i:480;i:0;i:481;i:1;i:483;i:0;i:485;i:1;i:487;i:0;}'),
(50, 1, 2, 25, 'a:5:{i:490;i:0;i:492;i:0;i:494;i:0;i:496;i:0;i:498;i:0;}'),
(51, 1, 3, 1, 'a:5:{i:501;i:1;i:502;i:1;i:503;i:0;i:504;i:1;i:505;i:0;}'),
(52, 1, 3, 2, 'a:5:{i:510;i:1;i:511;i:0;i:513;i:0;i:515;i:0;i:516;i:0;}'),
(53, 1, 3, 3, 'a:5:{i:521;i:1;i:523;i:0;i:524;i:0;i:526;i:0;i:528;i:0;}'),
(54, 1, 3, 4, 'a:5:{i:530;i:1;i:531;i:0;i:533;i:1;i:535;i:0;i:537;i:1;}'),
(55, 1, 3, 5, 'a:5:{i:541;i:1;i:542;i:1;i:543;i:0;i:544;i:1;i:545;i:1;}'),
(56, 1, 3, 6, 'a:5:{i:550;i:0;i:552;i:1;i:554;i:0;i:555;i:1;i:557;i:0;}'),
(57, 1, 3, 7, 'a:5:{i:560;i:1;i:561;i:1;i:563;i:1;i:565;i:1;i:567;i:0;}'),
(58, 1, 3, 8, 'a:5:{i:571;i:0;i:572;i:1;i:573;i:1;i:574;i:0;i:576;i:0;}'),
(59, 1, 3, 9, 'a:5:{i:581;i:1;i:582;i:0;i:584;i:0;i:586;i:0;i:587;i:1;}'),
(60, 1, 3, 10, 'a:5:{i:591;i:0;i:593;i:1;i:594;i:0;i:595;i:0;i:597;i:0;}'),
(61, 1, 3, 11, 'a:5:{i:600;i:0;i:602;i:1;i:603;i:1;i:605;i:1;i:607;i:0;}'),
(62, 1, 3, 12, 'a:5:{i:611;i:1;i:613;i:1;i:615;i:0;i:617;i:0;i:619;i:0;}'),
(63, 1, 3, 13, 'a:5:{i:621;i:1;i:622;i:1;i:624;i:1;i:626;i:0;i:627;i:0;}'),
(64, 1, 3, 14, 'a:5:{i:630;i:1;i:632;i:0;i:633;i:1;i:635;i:1;i:637;i:0;}'),
(65, 1, 3, 15, 'a:5:{i:641;i:0;i:642;i:0;i:643;i:0;i:644;i:1;i:646;i:1;}'),
(66, 1, 3, 16, 'a:5:{i:650;i:1;i:652;i:1;i:654;i:0;i:655;i:0;i:656;i:1;}'),
(67, 1, 3, 17, 'a:5:{i:661;i:1;i:663;i:1;i:664;i:1;i:665;i:0;i:666;i:1;}'),
(68, 1, 3, 18, 'a:5:{i:671;i:1;i:673;i:1;i:674;i:1;i:676;i:0;i:677;i:1;}'),
(69, 1, 3, 19, 'a:5:{i:680;i:1;i:681;i:1;i:682;i:0;i:683;i:0;i:685;i:1;}'),
(70, 1, 3, 20, 'a:5:{i:691;i:0;i:692;i:0;i:694;i:1;i:695;i:1;i:696;i:0;}'),
(71, 1, 3, 21, 'a:5:{i:701;i:1;i:703;i:1;i:705;i:1;i:706;i:0;i:708;i:0;}'),
(72, 1, 3, 22, 'a:5:{i:711;i:0;i:713;i:1;i:714;i:0;i:715;i:0;i:717;i:0;}'),
(73, 1, 3, 23, 'a:5:{i:720;i:1;i:722;i:0;i:724;i:0;i:726;i:1;i:727;i:0;}'),
(74, 1, 3, 24, 'a:5:{i:730;i:1;i:731;i:0;i:733;i:0;i:735;i:0;i:736;i:1;}'),
(75, 1, 3, 25, 'a:5:{i:740;i:0;i:741;i:1;i:742;i:1;i:743;i:1;i:744;i:1;}'),
(76, 2, 1, 1, 'a:5:{i:751;i:1;i:753;i:0;i:754;i:0;i:756;i:1;i:757;i:0;}'),
(77, 2, 1, 2, 'a:5:{i:760;i:1;i:761;i:1;i:762;i:0;i:764;i:0;i:766;i:0;}'),
(78, 2, 1, 3, 'a:5:{i:770;i:0;i:772;i:0;i:773;i:0;i:775;i:0;i:776;i:0;}'),
(79, 2, 1, 4, 'a:5:{i:780;i:0;i:781;i:0;i:783;i:1;i:785;i:0;i:787;i:1;}'),
(80, 2, 1, 5, 'a:5:{i:790;i:0;i:792;i:1;i:793;i:1;i:794;i:1;i:795;i:1;}'),
(81, 2, 1, 6, 'a:5:{i:800;i:0;i:802;i:1;i:803;i:1;i:805;i:1;i:807;i:1;}'),
(82, 2, 1, 7, 'a:5:{i:810;i:0;i:812;i:0;i:813;i:0;i:814;i:1;i:815;i:0;}'),
(83, 2, 1, 8, 'a:5:{i:821;i:1;i:822;i:0;i:823;i:1;i:824;i:0;i:826;i:0;}'),
(84, 2, 1, 9, 'a:5:{i:830;i:0;i:832;i:1;i:834;i:0;i:835;i:0;i:837;i:1;}'),
(85, 2, 1, 10, 'a:5:{i:841;i:0;i:843;i:0;i:845;i:1;i:847;i:0;i:849;i:0;}'),
(86, 2, 1, 11, 'a:5:{i:850;i:0;i:851;i:1;i:852;i:1;i:853;i:1;i:854;i:1;}'),
(87, 2, 1, 12, 'a:5:{i:861;i:1;i:863;i:1;i:864;i:0;i:866;i:1;i:867;i:1;}'),
(88, 2, 1, 13, 'a:5:{i:870;i:0;i:872;i:1;i:874;i:0;i:875;i:0;i:876;i:0;}'),
(89, 2, 1, 14, 'a:5:{i:880;i:1;i:881;i:0;i:883;i:1;i:884;i:0;i:886;i:0;}'),
(90, 2, 1, 15, 'a:5:{i:890;i:0;i:891;i:0;i:892;i:0;i:893;i:0;i:894;i:0;}'),
(91, 2, 1, 16, 'a:5:{i:900;i:0;i:902;i:0;i:904;i:1;i:905;i:1;i:906;i:1;}'),
(92, 2, 1, 17, 'a:5:{i:911;i:0;i:912;i:0;i:913;i:0;i:915;i:1;i:917;i:1;}'),
(93, 2, 1, 18, 'a:5:{i:921;i:1;i:922;i:1;i:924;i:0;i:925;i:0;i:927;i:1;}'),
(94, 2, 1, 19, 'a:5:{i:931;i:0;i:932;i:0;i:933;i:1;i:935;i:1;i:937;i:0;}'),
(95, 2, 1, 20, 'a:5:{i:940;i:1;i:941;i:0;i:943;i:0;i:944;i:0;i:946;i:0;}'),
(96, 2, 1, 21, 'a:5:{i:950;i:1;i:951;i:0;i:952;i:0;i:954;i:1;i:956;i:0;}'),
(97, 2, 1, 22, 'a:5:{i:960;i:1;i:961;i:1;i:962;i:1;i:963;i:1;i:965;i:1;}'),
(98, 2, 1, 23, 'a:5:{i:971;i:1;i:972;i:0;i:973;i:1;i:974;i:0;i:976;i:1;}'),
(99, 2, 1, 24, 'a:5:{i:980;i:0;i:982;i:1;i:983;i:1;i:985;i:0;i:986;i:1;}'),
(100, 2, 1, 25, 'a:5:{i:991;i:1;i:993;i:1;i:995;i:1;i:997;i:0;i:998;i:0;}');

-- --------------------------------------------------------

--
-- Structure de la table `choices`
--

CREATE TABLE `choices` (
  `id` bigint(20) UNSIGNED NOT NULL,
  `question_id` bigint(20) UNSIGNED NOT NULL,
  `title` varchar(255) COLLATE utf8mb4_unicode_ci NOT NULL,
  `is_true` tinyint(1) NOT NULL,
  `is_active` tinyint(1) NOT NULL
) ENGINE=InnoDB DEFAULT CHARSET=utf8mb4 COLLATE=utf8mb4_unicode_ci;

--
-- Contenu de la table `choices`
--

INSERT INTO `choices` (`id`, `question_id`, `title`, `is_true`, `is_active`) VALUES
(1, 1, 'Texte 1', 0, 1),
(2, 1, 'Texte 2', 0, 1),
(3, 1, 'Texte 3', 1, 1),
(4, 1, 'Texte 4', 1, 1),
(5, 1, 'Texte 5', 1, 1),
(6, 1, 'Texte 6', 0, 1),
(7, 1, 'Texte 7', 1, 1),
(8, 1, 'Texte 8', 0, 1),
(9, 1, 'Texte 9', 0, 1),
(10, 2, 'Texte 10', 0, 1),
(11, 2, 'Texte 11', 1, 1),
(12, 2, 'Texte 12', 1, 1),
(13, 2, 'Texte 13', 0, 1),
(14, 2, 'Texte 14', 1, 1),
(15, 2, 'Texte 15', 1, 1),
(16, 2, 'Texte 16', 1, 1),
(17, 2, 'Texte 17', 0, 1),
(18, 2, 'Texte 18', 1, 1),
(19, 2, 'Texte 19', 0, 1),
(20, 3, 'Texte 20', 0, 1),
(21, 3, 'Texte 21', 0, 1),
(22, 3, 'Texte 22', 1, 1),
(23, 3, 'Texte 23', 1, 1),
(24, 3, 'Texte 24', 0, 1),
(25, 3, 'Texte 25', 1, 1),
(26, 3, 'Texte 26', 0, 1),
(27, 3, 'Texte 27', 1, 1),
(28, 3, 'Texte 28', 1, 1),
(29, 3, 'Texte 29', 0, 1),
(30, 4, 'Texte 30', 1, 1),
(31, 4, 'Texte 31', 0, 1),
(32, 4, 'Texte 32', 0, 1),
(33, 4, 'Texte 33', 1, 1),
(34, 4, 'Texte 34', 0, 1),
(35, 4, 'Texte 35', 1, 1),
(36, 4, 'Texte 36', 1, 1),
(37, 4, 'Texte 37', 0, 1),
(38, 4, 'Texte 38', 0, 1),
(39, 4, 'Texte 39', 0, 1),
(40, 5, 'Texte 40', 1, 1),
(41, 5, 'Texte 41', 1, 1),
(42, 5, 'Texte 42', 0, 1),
(43, 5, 'Texte 43', 0, 1),
(44, 5, 'Texte 44', 1, 1),
(45, 5, 'Texte 45', 0, 1),
(46, 5, 'Texte 46', 1, 1),
(47, 5, 'Texte 47', 0, 1),
(48, 5, 'Texte 48', 0, 1),
(49, 5, 'Texte 49', 1, 1),
(50, 6, 'Texte 50', 0, 1),
(51, 6, 'Texte 51', 0, 1),
(52, 6, 'Texte 52', 0, 1),
(53, 6, 'Texte 53', 0, 1),
(54, 6, 'Texte 54', 0, 1),
(55, 6, 'Texte 55', 1, 1),
(56, 6, 'Texte 56', 0, 1),
(57, 6, 'Texte 57', 0, 1),
(58, 6, 'Texte 58', 1, 1),
(59, 6, 'Texte 59', 1, 1),
(60, 7, 'Texte 60', 1, 1),
(61, 7, 'Texte 61', 0, 1),
(62, 7, 'Texte 62', 1, 1),
(63, 7, 'Texte 63', 0, 1),
(64, 7, 'Texte 64', 0, 1),
(65, 7, 'Texte 65', 1, 1),
(66, 7, 'Texte 66', 1, 1),
(67, 7, 'Texte 67', 1, 1),
(68, 7, 'Texte 68', 1, 1),
(69, 7, 'Texte 69', 0, 1),
(70, 8, 'Texte 70', 1, 1),
(71, 8, 'Texte 71', 1, 1),
(72, 8, 'Texte 72', 1, 1),
(73, 8, 'Texte 73', 1, 1),
(74, 8, 'Texte 74', 1, 1),
(75, 8, 'Texte 75', 0, 1),
(76, 8, 'Texte 76', 1, 1),
(77, 8, 'Texte 77', 1, 1),
(78, 8, 'Texte 78', 0, 1),
(79, 8, 'Texte 79', 0, 1),
(80, 9, 'Texte 80', 1, 1),
(81, 9, 'Texte 81', 0, 1),
(82, 9, 'Texte 82', 0, 1),
(83, 9, 'Texte 83', 1, 1),
(84, 9, 'Texte 84', 0, 1),
(85, 9, 'Texte 85', 1, 1),
(86, 9, 'Texte 86', 0, 1),
(87, 9, 'Texte 87', 0, 1),
(88, 9, 'Texte 88', 0, 1),
(89, 9, 'Texte 89', 0, 1),
(90, 10, 'Texte 90', 1, 1),
(91, 10, 'Texte 91', 0, 1),
(92, 10, 'Texte 92', 1, 1),
(93, 10, 'Texte 93', 0, 1),
(94, 10, 'Texte 94', 1, 1),
(95, 10, 'Texte 95', 0, 1),
(96, 10, 'Texte 96', 0, 1),
(97, 10, 'Texte 97', 1, 1),
(98, 10, 'Texte 98', 1, 1),
(99, 10, 'Texte 99', 1, 1),
(100, 11, 'Texte 100', 0, 1),
(101, 11, 'Texte 101', 0, 1),
(102, 11, 'Texte 102', 1, 1),
(103, 11, 'Texte 103', 0, 1),
(104, 11, 'Texte 104', 0, 1),
(105, 11, 'Texte 105', 1, 1),
(106, 11, 'Texte 106', 0, 1),
(107, 11, 'Texte 107', 0, 1),
(108, 11, 'Texte 108', 0, 1),
(109, 11, 'Texte 109', 1, 1),
(110, 12, 'Texte 110', 0, 1),
(111, 12, 'Texte 111', 1, 1),
(112, 12, 'Texte 112', 1, 1),
(113, 12, 'Texte 113', 1, 1),
(114, 12, 'Texte 114', 1, 1),
(115, 12, 'Texte 115', 1, 1),
(116, 12, 'Texte 116', 0, 1),
(117, 12, 'Texte 117', 0, 1),
(118, 12, 'Texte 118', 1, 1),
(119, 12, 'Texte 119', 0, 1),
(120, 13, 'Texte 120', 0, 1),
(121, 13, 'Texte 121', 1, 1),
(122, 13, 'Texte 122', 0, 1),
(123, 13, 'Texte 123', 0, 1),
(124, 13, 'Texte 124', 0, 1),
(125, 13, 'Texte 125', 1, 1),
(126, 13, 'Texte 126', 1, 1),
(127, 13, 'Texte 127', 1, 1),
(128, 13, 'Texte 128', 0, 1),
(129, 13, 'Texte 129', 0, 1),
(130, 14, 'Texte 130', 0, 1),
(131, 14, 'Texte 131', 0, 1),
(132, 14, 'Texte 132', 1, 1),
(133, 14, 'Texte 133', 0, 1),
(134, 14, 'Texte 134', 1, 1),
(135, 14, 'Texte 135', 0, 1),
(136, 14, 'Texte 136', 1, 1),
(137, 14, 'Texte 137', 0, 1),
(138, 14, 'Texte 138', 0, 1),
(139, 14, 'Texte 139', 1, 1),
(140, 15, 'Texte 140', 0, 1),
(141, 15, 'Texte 141', 0, 1),
(142, 15, 'Texte 142', 0, 1),
(143, 15, 'Texte 143', 1, 1),
(144, 15, 'Texte 144', 0, 1),
(145, 15, 'Texte 145', 1, 1),
(146, 15, 'Texte 146', 0, 1),
(147, 15, 'Texte 147', 1, 1),
(148, 15, 'Texte 148', 1, 1),
(149, 15, 'Texte 149', 1, 1),
(150, 16, 'Texte 150', 1, 1),
(151, 16, 'Texte 151', 0, 1),
(152, 16, 'Texte 152', 1, 1),
(153, 16, 'Texte 153', 0, 1),
(154, 16, 'Texte 154', 1, 1),
(155, 16, 'Texte 155', 1, 1),
(156, 16, 'Texte 156', 0, 1),
(157, 16, 'Texte 157', 1, 1),
(158, 16, 'Texte 158', 0, 1),
(159, 16, 'Texte 159', 0, 1),
(160, 17, 'Texte 160', 0, 1),
(161, 17, 'Texte 161', 0, 1),
(162, 17, 'Texte 162', 0, 1),
(163, 17, 'Texte 163', 0, 1),
(164, 17, 'Texte 164', 1, 1),
(165, 17, 'Texte 165', 0, 1),
(166, 17, 'Texte 166', 1, 1),
(167, 17, 'Texte 167', 1, 1),
(168, 17, 'Texte 168', 0, 1),
(169, 17, 'Texte 169', 0, 1),
(170, 18, 'Texte 170', 1, 1),
(171, 18, 'Texte 171', 0, 1),
(172, 18, 'Texte 172', 0, 1),
(173, 18, 'Texte 173', 0, 1),
(174, 18, 'Texte 174', 0, 1),
(175, 18, 'Texte 175', 1, 1),
(176, 18, 'Texte 176', 0, 1),
(177, 18, 'Texte 177', 0, 1),
(178, 18, 'Texte 178', 0, 1),
(179, 18, 'Texte 179', 1, 1),
(180, 19, 'Texte 180', 1, 1),
(181, 19, 'Texte 181', 0, 1),
(182, 19, 'Texte 182', 0, 1),
(183, 19, 'Texte 183', 1, 1),
(184, 19, 'Texte 184', 0, 1),
(185, 19, 'Texte 185', 1, 1),
(186, 19, 'Texte 186', 1, 1),
(187, 19, 'Texte 187', 0, 1),
(188, 19, 'Texte 188', 1, 1),
(189, 19, 'Texte 189', 1, 1),
(190, 20, 'Texte 190', 0, 1),
(191, 20, 'Texte 191', 1, 1),
(192, 20, 'Texte 192', 0, 1),
(193, 20, 'Texte 193', 1, 1),
(194, 20, 'Texte 194', 0, 1),
(195, 20, 'Texte 195', 1, 1),
(196, 20, 'Texte 196', 1, 1),
(197, 20, 'Texte 197', 1, 1),
(198, 20, 'Texte 198', 0, 1),
(199, 20, 'Texte 199', 0, 1),
(200, 21, 'Texte 200', 0, 1),
(201, 21, 'Texte 201', 0, 1),
(202, 21, 'Texte 202', 0, 1),
(203, 21, 'Texte 203', 1, 1),
(204, 21, 'Texte 204', 1, 1),
(205, 21, 'Texte 205', 1, 1),
(206, 21, 'Texte 206', 0, 1),
(207, 21, 'Texte 207', 0, 1),
(208, 21, 'Texte 208', 1, 1),
(209, 21, 'Texte 209', 0, 1),
(210, 22, 'Texte 210', 1, 1),
(211, 22, 'Texte 211', 1, 1),
(212, 22, 'Texte 212', 0, 1),
(213, 22, 'Texte 213', 0, 1),
(214, 22, 'Texte 214', 0, 1),
(215, 22, 'Texte 215', 1, 1),
(216, 22, 'Texte 216', 1, 1),
(217, 22, 'Texte 217', 0, 1),
(218, 22, 'Texte 218', 0, 1),
(219, 22, 'Texte 219', 0, 1),
(220, 23, 'Texte 220', 0, 1),
(221, 23, 'Texte 221', 0, 1),
(222, 23, 'Texte 222', 1, 1),
(223, 23, 'Texte 223', 0, 1),
(224, 23, 'Texte 224', 0, 1),
(225, 23, 'Texte 225', 1, 1),
(226, 23, 'Texte 226', 0, 1),
(227, 23, 'Texte 227', 0, 1),
(228, 23, 'Texte 228', 0, 1),
(229, 23, 'Texte 229', 0, 1),
(230, 24, 'Texte 230', 1, 1),
(231, 24, 'Texte 231', 0, 1),
(232, 24, 'Texte 232', 1, 1),
(233, 24, 'Texte 233', 1, 1),
(234, 24, 'Texte 234', 0, 1),
(235, 24, 'Texte 235', 0, 1),
(236, 24, 'Texte 236', 0, 1),
(237, 24, 'Texte 237', 1, 1),
(238, 24, 'Texte 238', 0, 1),
(239, 24, 'Texte 239', 1, 1),
(240, 25, 'Texte 240', 1, 1),
(241, 25, 'Texte 241', 0, 1),
(242, 25, 'Texte 242', 0, 1),
(243, 25, 'Texte 243', 0, 1),
(244, 25, 'Texte 244', 0, 1),
(245, 25, 'Texte 245', 1, 1),
(246, 25, 'Texte 246', 1, 1),
(247, 25, 'Texte 247', 1, 1),
(248, 25, 'Texte 248', 1, 1),
(249, 25, 'Texte 249', 0, 1),
(250, 1, 'Texte 250', 0, 1),
(251, 1, 'Texte 251', 0, 1),
(252, 1, 'Texte 252', 1, 1),
(254, 1, 'Texte 254', 0, 1),
(256, 1, 'Texte 256', 0, 1),
(261, 2, 'Texte 261', 0, 1),
(262, 2, 'Texte 262', 1, 1),
(263, 2, 'Texte 263', 0, 1),
(265, 2, 'Texte 265', 0, 1),
(267, 2, 'Texte 267', 0, 1),
(271, 3, 'Texte 271', 1, 1),
(273, 3, 'Texte 273', 1, 1),
(275, 3, 'Texte 275', 1, 1),
(277, 3, 'Texte 277', 1, 1),
(278, 3, 'Texte 278', 1, 1),
(281, 4, 'Texte 281', 1, 1),
(282, 4, 'Texte 282', 1, 1),
(284, 4, 'Texte 284', 1, 1),
(285, 4, 'Texte 285', 1, 1),
(286, 4, 'Texte 286', 1, 1),
(290, 5, 'Texte 290', 0, 1),
(292, 5, 'Texte 292', 0, 1),
(294, 5, 'Texte 294', 0, 1),
(295, 5, 'Texte 295', 1, 1),
(297, 5, 'Texte 297', 0, 1),
(300, 6, 'Texte 300', 0, 1),
(302, 6, 'Texte 302', 1, 1),
(303, 6, 'Texte 303', 0, 1),
(305, 6, 'Texte 305', 0, 1),
(307, 6, 'Texte 307', 0, 1),
(310, 7, 'Texte 310', 1, 1),
(312, 7, 'Texte 312', 1, 1),
(313, 7, 'Texte 313', 0, 1),
(315, 7, 'Texte 315', 1, 1),
(316, 7, 'Texte 316', 1, 1),
(320, 8, 'Texte 320', 0, 1),
(321, 8, 'Texte 321', 1, 1),
(322, 8, 'Texte 322', 1, 1),
(323, 8, 'Texte 323', 0, 1),
(324, 8, 'Texte 324', 0, 1),
(330, 9, 'Texte 330', 1, 1),
(331, 9, 'Texte 331', 0, 1),
(332, 9, 'Texte 332', 0, 1),
(333, 9, 'Texte 333', 0, 1),
(335, 9, 'Texte 335', 1, 1),
(340, 10, 'Texte 340', 1, 1),
(342, 10, 'Texte 342', 1, 1),
(344, 10, 'Texte 344', 0, 1),
(345, 10, 'Texte 345', 0, 1),
(346, 10, 'Texte 346', 0, 1),
(351, 11, 'Texte 351', 0, 1),
(352, 11, 'Texte 352', 1, 1),
(354, 11, 'Texte 354', 0, 1),
(355, 11, 'Texte 355', 1, 1),
(356, 11, 'Texte 356', 1, 1),
(361, 12, 'Texte 361', 0, 1),
(363, 12, 'Texte 363', 1, 1),
(364, 12, 'Texte 364', 0, 1),
(365, 12, 'Texte 365', 0, 1),
(367, 12, 'Texte 367', 0, 1),
(370, 13, 'Texte 370', 1, 1),
(372, 13, 'Texte 372', 1, 1),
(374, 13, 'Texte 374', 1, 1),
(376, 13, 'Texte 376', 0, 1),
(378, 13, 'Texte 378', 0, 1),
(380, 14, 'Texte 380', 1, 1),
(381, 14, 'Texte 381', 0, 1),
(383, 14, 'Texte 383', 1, 1),
(385, 14, 'Texte 385', 0, 1),
(387, 14, 'Texte 387', 1, 1),
(391, 15, 'Texte 391', 1, 1),
(392, 15, 'Texte 392', 1, 1),
(393, 15, 'Texte 393', 0, 1),
(395, 15, 'Texte 395', 0, 1),
(396, 15, 'Texte 396', 1, 1),
(400, 16, 'Texte 400', 1, 1),
(402, 16, 'Texte 402', 0, 1),
(404, 16, 'Texte 404', 0, 1),
(405, 16, 'Texte 405', 1, 1),
(406, 16, 'Texte 406', 1, 1),
(410, 17, 'Texte 410', 1, 1),
(412, 17, 'Texte 412', 0, 1),
(413, 17, 'Texte 413', 0, 1),
(415, 17, 'Texte 415', 1, 1),
(417, 17, 'Texte 417', 1, 1),
(421, 18, 'Texte 421', 0, 1),
(422, 18, 'Texte 422', 0, 1),
(424, 18, 'Texte 424', 1, 1),
(426, 18, 'Texte 426', 0, 1),
(428, 18, 'Texte 428', 1, 1),
(431, 19, 'Texte 431', 1, 1),
(433, 19, 'Texte 433', 0, 1),
(434, 19, 'Texte 434', 0, 1),
(435, 19, 'Texte 435', 1, 1),
(436, 19, 'Texte 436', 1, 1),
(441, 20, 'Texte 441', 0, 1),
(442, 20, 'Texte 442', 1, 1),
(443, 20, 'Texte 443', 1, 1),
(444, 20, 'Texte 444', 1, 1),
(445, 20, 'Texte 445', 1, 1),
(450, 21, 'Texte 450', 1, 1),
(451, 21, 'Texte 451', 1, 1),
(453, 21, 'Texte 453', 0, 1),
(454, 21, 'Texte 454', 1, 1),
(455, 21, 'Texte 455', 0, 1),
(460, 22, 'Texte 460', 0, 1),
(461, 22, 'Texte 461', 1, 1),
(462, 22, 'Texte 462', 1, 1),
(463, 22, 'Texte 463', 1, 1),
(464, 22, 'Texte 464', 0, 1),
(470, 23, 'Texte 470', 0, 1),
(472, 23, 'Texte 472', 0, 1),
(474, 23, 'Texte 474', 1, 1),
(476, 23, 'Texte 476', 1, 1),
(477, 23, 'Texte 477', 0, 1),
(480, 24, 'Texte 480', 1, 1),
(481, 24, 'Texte 481', 1, 1),
(483, 24, 'Texte 483', 0, 1),
(485, 24, 'Texte 485', 0, 1),
(487, 24, 'Texte 487', 0, 1),
(490, 25, 'Texte 490', 0, 1),
(492, 25, 'Texte 492', 1, 1),
(494, 25, 'Texte 494', 0, 1),
(496, 25, 'Texte 496', 1, 1),
(498, 25, 'Texte 498', 1, 1),
(501, 1, 'Texte 501', 1, 1),
(502, 1, 'Texte 502', 0, 1),
(503, 1, 'Texte 503', 0, 1),
(504, 1, 'Texte 504', 1, 1),
(505, 1, 'Texte 505', 0, 1),
(510, 2, 'Texte 510', 1, 1),
(511, 2, 'Texte 511', 0, 1),
(513, 2, 'Texte 513', 0, 1),
(515, 2, 'Texte 515', 0, 1),
(516, 2, 'Texte 516', 0, 1),
(521, 3, 'Texte 521', 1, 1),
(523, 3, 'Texte 523', 0, 1),
(524, 3, 'Texte 524', 0, 1),
(526, 3, 'Texte 526', 1, 1),
(528, 3, 'Texte 528', 0, 1),
(530, 4, 'Texte 530', 1, 1),
(531, 4, 'Texte 531', 0, 1),
(533, 4, 'Texte 533', 1, 1),
(535, 4, 'Texte 535', 0, 1),
(537, 4, 'Texte 537', 1, 1),
(541, 5, 'Texte 541', 0, 1),
(542, 5, 'Texte 542', 1, 1),
(543, 5, 'Texte 543', 1, 1),
(544, 5, 'Texte 544', 1, 1),
(545, 5, 'Texte 545', 0, 1),
(550, 6, 'Texte 550', 1, 1),
(552, 6, 'Texte 552', 1, 1),
(554, 6, 'Texte 554', 0, 1),
(555, 6, 'Texte 555', 1, 1),
(557, 6, 'Texte 557', 0, 1),
(560, 7, 'Texte 560', 1, 1),
(561, 7, 'Texte 561', 0, 1),
(563, 7, 'Texte 563', 0, 1),
(565, 7, 'Texte 565', 0, 1),
(567, 7, 'Texte 567', 1, 1),
(571, 8, 'Texte 571', 0, 1),
(572, 8, 'Texte 572', 1, 1),
(573, 8, 'Texte 573', 1, 1),
(574, 8, 'Texte 574', 0, 1),
(576, 8, 'Texte 576', 0, 1),
(581, 9, 'Texte 581', 1, 1),
(582, 9, 'Texte 582', 0, 1),
(584, 9, 'Texte 584', 0, 1),
(586, 9, 'Texte 586', 1, 1),
(587, 9, 'Texte 587', 0, 1),
(591, 10, 'Texte 591', 0, 1),
(593, 10, 'Texte 593', 1, 1),
(594, 10, 'Texte 594', 1, 1),
(595, 10, 'Texte 595', 1, 1),
(597, 10, 'Texte 597', 0, 1),
(600, 11, 'Texte 600', 0, 1),
(602, 11, 'Texte 602', 1, 1),
(603, 11, 'Texte 603', 1, 1),
(605, 11, 'Texte 605', 1, 1),
(607, 11, 'Texte 607', 0, 1),
(611, 12, 'Texte 611', 1, 1),
(613, 12, 'Texte 613', 0, 1),
(615, 12, 'Texte 615', 0, 1),
(617, 12, 'Texte 617', 1, 1),
(619, 12, 'Texte 619', 0, 1),
(621, 13, 'Texte 621', 0, 1),
(622, 13, 'Texte 622', 0, 1),
(624, 13, 'Texte 624', 0, 1),
(626, 13, 'Texte 626', 1, 1),
(627, 13, 'Texte 627', 1, 1),
(630, 14, 'Texte 630', 1, 1),
(632, 14, 'Texte 632', 1, 1),
(633, 14, 'Texte 633', 0, 1),
(635, 14, 'Texte 635', 1, 1),
(637, 14, 'Texte 637', 1, 1),
(641, 15, 'Texte 641', 1, 1),
(642, 15, 'Texte 642', 1, 1),
(643, 15, 'Texte 643', 0, 1),
(644, 15, 'Texte 644', 1, 1),
(646, 15, 'Texte 646', 1, 1),
(650, 16, 'Texte 650', 1, 1),
(652, 16, 'Texte 652', 1, 1),
(654, 16, 'Texte 654', 0, 1),
(655, 16, 'Texte 655', 0, 1),
(656, 16, 'Texte 656', 1, 1),
(661, 17, 'Texte 661', 1, 1),
(663, 17, 'Texte 663', 1, 1),
(664, 17, 'Texte 664', 1, 1),
(665, 17, 'Texte 665', 0, 1),
(666, 17, 'Texte 666', 1, 1),
(671, 18, 'Texte 671', 1, 1),
(673, 18, 'Texte 673', 0, 1),
(674, 18, 'Texte 674', 1, 1),
(676, 18, 'Texte 676', 1, 1),
(677, 18, 'Texte 677', 0, 1),
(680, 19, 'Texte 680', 1, 1),
(681, 19, 'Texte 681', 1, 1),
(682, 19, 'Texte 682', 0, 1),
(683, 19, 'Texte 683', 1, 1),
(685, 19, 'Texte 685', 0, 1),
(691, 20, 'Texte 691', 0, 1),
(692, 20, 'Texte 692', 1, 1),
(694, 20, 'Texte 694', 0, 1),
(695, 20, 'Texte 695', 0, 1),
(696, 20, 'Texte 696', 1, 1),
(701, 21, 'Texte 701', 0, 1),
(703, 21, 'Texte 703', 0, 1),
(705, 21, 'Texte 705', 1, 1),
(706, 21, 'Texte 706', 0, 1),
(708, 21, 'Texte 708', 1, 1),
(711, 22, 'Texte 711', 0, 1),
(713, 22, 'Texte 713', 1, 1),
(714, 22, 'Texte 714', 0, 1),
(715, 22, 'Texte 715', 0, 1),
(717, 22, 'Texte 717', 0, 1),
(720, 23, 'Texte 720', 0, 1),
(722, 23, 'Texte 722', 1, 1),
(724, 23, 'Texte 724', 0, 1),
(726, 23, 'Texte 726', 1, 1),
(727, 23, 'Texte 727', 1, 1),
(730, 24, 'Texte 730', 1, 1),
(731, 24, 'Texte 731', 0, 1),
(733, 24, 'Texte 733', 0, 1),
(735, 24, 'Texte 735', 0, 1),
(736, 24, 'Texte 736', 1, 1),
(740, 25, 'Texte 740', 1, 1),
(741, 25, 'Texte 741', 1, 1),
(742, 25, 'Texte 742', 1, 1),
(743, 25, 'Texte 743', 1, 1),
(744, 25, 'Texte 744', 1, 1),
(751, 1, 'Texte 751', 0, 1),
(753, 1, 'Texte 753', 0, 1),
(754, 1, 'Texte 754', 0, 1),
(756, 1, 'Texte 756', 1, 1),
(757, 1, 'Texte 757', 1, 1),
(760, 2, 'Texte 760', 1, 1),
(761, 2, 'Texte 761', 1, 1),
(762, 2, 'Texte 762', 0, 1),
(764, 2, 'Texte 764', 0, 1),
(766, 2, 'Texte 766', 0, 1),
(770, 3, 'Texte 770', 0, 1),
(772, 3, 'Texte 772', 1, 1),
(773, 3, 'Texte 773', 1, 1),
(775, 3, 'Texte 775', 1, 1),
(776, 3, 'Texte 776', 0, 1),
(780, 4, 'Texte 780', 0, 1),
(781, 4, 'Texte 781', 0, 1),
(783, 4, 'Texte 783', 0, 1),
(785, 4, 'Texte 785', 0, 1),
(787, 4, 'Texte 787', 1, 1),
(790, 5, 'Texte 790', 0, 1),
(792, 5, 'Texte 792', 1, 1),
(793, 5, 'Texte 793', 1, 1),
(794, 5, 'Texte 794', 0, 1),
(795, 5, 'Texte 795', 0, 1),
(800, 6, 'Texte 800', 0, 1),
(802, 6, 'Texte 802', 0, 1),
(803, 6, 'Texte 803', 1, 1),
(805, 6, 'Texte 805', 0, 1),
(807, 6, 'Texte 807', 1, 1),
(810, 7, 'Texte 810', 1, 1),
(812, 7, 'Texte 812', 1, 1),
(813, 7, 'Texte 813', 0, 1),
(814, 7, 'Texte 814', 1, 1),
(815, 7, 'Texte 815', 1, 1),
(821, 8, 'Texte 821', 1, 1),
(822, 8, 'Texte 822', 1, 1),
(823, 8, 'Texte 823', 0, 1),
(824, 8, 'Texte 824', 0, 1),
(826, 8, 'Texte 826', 1, 1),
(830, 9, 'Texte 830', 0, 1),
(832, 9, 'Texte 832', 0, 1),
(834, 9, 'Texte 834', 0, 1),
(835, 9, 'Texte 835', 0, 1),
(837, 9, 'Texte 837', 0, 1),
(841, 10, 'Texte 841', 0, 1),
(843, 10, 'Texte 843', 0, 1),
(845, 10, 'Texte 845', 0, 1),
(847, 10, 'Texte 847', 1, 1),
(849, 10, 'Texte 849', 0, 1),
(850, 11, 'Texte 850', 1, 1),
(851, 11, 'Texte 851', 1, 1),
(852, 11, 'Texte 852', 0, 1),
(853, 11, 'Texte 853', 0, 1),
(854, 11, 'Texte 854', 0, 1),
(861, 12, 'Texte 861', 0, 1),
(863, 12, 'Texte 863', 1, 1),
(864, 12, 'Texte 864', 1, 1),
(866, 12, 'Texte 866', 0, 1),
(867, 12, 'Texte 867', 0, 1),
(870, 13, 'Texte 870', 0, 1),
(872, 13, 'Texte 872', 1, 1),
(874, 13, 'Texte 874', 1, 1),
(875, 13, 'Texte 875', 0, 1),
(876, 13, 'Texte 876', 1, 1),
(880, 14, 'Texte 880', 1, 1),
(881, 14, 'Texte 881', 0, 1),
(883, 14, 'Texte 883', 1, 1),
(884, 14, 'Texte 884', 0, 1),
(886, 14, 'Texte 886', 0, 1),
(890, 15, 'Texte 890', 1, 1),
(891, 15, 'Texte 891', 1, 1),
(892, 15, 'Texte 892', 1, 1),
(893, 15, 'Texte 893', 1, 1),
(894, 15, 'Texte 894', 0, 1),
(900, 16, 'Texte 900', 0, 1),
(902, 16, 'Texte 902', 1, 1),
(904, 16, 'Texte 904', 0, 1),
(905, 16, 'Texte 905', 1, 1),
(906, 16, 'Texte 906', 0, 1),
(911, 17, 'Texte 911', 1, 1),
(912, 17, 'Texte 912', 0, 1),
(913, 17, 'Texte 913', 0, 1),
(915, 17, 'Texte 915', 1, 1),
(917, 17, 'Texte 917', 0, 1),
(921, 18, 'Texte 921', 1, 1),
(922, 18, 'Texte 922', 1, 1),
(924, 18, 'Texte 924', 1, 1),
(925, 18, 'Texte 925', 1, 1),
(927, 18, 'Texte 927', 0, 1),
(931, 19, 'Texte 931', 0, 1),
(932, 19, 'Texte 932', 1, 1),
(933, 19, 'Texte 933', 0, 1),
(935, 19, 'Texte 935', 1, 1),
(937, 19, 'Texte 937', 0, 1),
(940, 20, 'Texte 940', 0, 1),
(941, 20, 'Texte 941', 0, 1),
(943, 20, 'Texte 943', 1, 1),
(944, 20, 'Texte 944', 1, 1),
(946, 20, 'Texte 946', 0, 1),
(950, 21, 'Texte 950', 1, 1),
(951, 21, 'Texte 951', 1, 1),
(952, 21, 'Texte 952', 0, 1),
(954, 21, 'Texte 954', 0, 1),
(956, 21, 'Texte 956', 1, 1),
(960, 22, 'Texte 960', 1, 1),
(961, 22, 'Texte 961', 0, 1),
(962, 22, 'Texte 962', 1, 1),
(963, 22, 'Texte 963', 1, 1),
(965, 22, 'Texte 965', 1, 1),
(971, 23, 'Texte 971', 0, 1),
(972, 23, 'Texte 972', 0, 1),
(973, 23, 'Texte 973', 1, 1),
(974, 23, 'Texte 974', 0, 1),
(976, 23, 'Texte 976', 0, 1),
(980, 24, 'Texte 980', 1, 1),
(982, 24, 'Texte 982', 0, 1),
(983, 24, 'Texte 983', 0, 1),
(985, 24, 'Texte 985', 0, 1),
(986, 24, 'Texte 986', 1, 1),
(991, 25, 'Texte 991', 0, 1),
(993, 25, 'Texte 993', 0, 1),
(995, 25, 'Texte 995', 1, 1),
(997, 25, 'Texte 997', 0, 1),
(998, 25, 'Texte 998', 1, 1),
(1315, 1, 'Texte 0', 0, 1),
(1316, 1, 'Texte 0', 1, 1),
(1317, 1, 'Texte 0', 1, 1),
(1318, 1, 'Texte 0', 0, 1),
(1319, 1, 'Texte 0', 1, 1),
(1320, 1, 'Texte 0', 0, 1),
(1321, 1, 'Texte 0', 0, 1),
(1322, 1, 'Texte 0', 0, 1),
(1323, 1, 'Texte 0', 1, 1),
(1324, 1, 'Texte 0', 1, 1),
(1325, 1, 'Texte 0', 0, 1),
(1326, 1, 'Texte 0', 1, 1),
(1327, 1, 'Texte 0', 0, 1),
(1328, 1, 'Texte 0', 1, 1),
(1329, 1, 'Texte 0', 0, 1),
(1330, 1, 'Texte 0', 1, 1),
(1331, 1, 'Texte 0', 0, 1),
(1332, 1, 'Texte 0', 1, 1),
(1333, 1, 'Texte 0', 1, 1),
(1334, 1, 'Texte 0', 1, 1),
(1335, 1, 'Texte 0', 0, 1),
(1336, 1, 'Texte 0', 0, 1),
(1337, 1, 'Texte 0', 0, 1),
(1338, 1, 'Texte 0', 1, 1),
(1339, 1, 'Texte 0', 0, 1),
(1340, 1, 'Texte 0', 0, 1),
(1341, 1, 'Texte 0', 1, 1),
(1342, 1, 'Texte 0', 0, 1),
(1343, 1, 'Texte 0', 1, 1),
(1344, 1, 'Texte 0', 0, 1),
(1345, 1, 'Texte 0', 0, 1),
(1346, 1, 'Texte 0', 0, 1),
(1347, 1, 'Texte 0', 0, 1),
(1348, 1, 'Texte 0', 1, 1),
(1349, 1, 'Texte 0', 1, 1),
(1350, 1, 'Texte 0', 1, 1),
(1351, 1, 'Texte 0', 0, 1),
(1352, 1, 'Texte 0', 1, 1),
(1353, 1, 'Texte 0', 1, 1),
(1354, 1, 'Texte 0', 1, 1),
(1355, 1, 'Texte 0', 0, 1),
(1356, 1, 'Texte 0', 1, 1),
(1357, 1, 'Texte 0', 1, 1),
(1358, 1, 'Texte 0', 1, 1),
(1359, 1, 'Texte 0', 1, 1),
(1360, 1, 'Texte 0', 1, 1),
(1361, 1, 'Texte 0', 1, 1),
(1362, 1, 'Texte 0', 1, 1),
(1363, 1, 'Texte 0', 0, 1),
(1364, 1, 'Texte 0', 1, 1),
(1365, 1, 'Texte 0', 0, 1),
(1366, 1, 'Texte 0', 1, 1),
(1367, 1, 'Texte 0', 1, 1),
(1368, 1, 'Texte 0', 1, 1),
(1369, 1, 'Texte 0', 0, 1),
(1370, 1, 'Texte 0', 1, 1),
(1371, 1, 'Texte 0', 0, 1),
(1372, 1, 'Texte 0', 0, 1),
(1373, 1, 'Texte 0', 0, 1),
(1374, 1, 'Texte 0', 1, 1),
(1375, 1, 'Texte 0', 0, 1),
(1376, 1, 'Texte 0', 0, 1),
(1377, 1, 'Texte 0', 0, 1),
(1378, 1, 'Texte 0', 0, 1),
(1379, 1, 'Texte 0', 1, 1),
(1380, 1, 'Texte 0', 0, 1),
(1381, 1, 'Texte 0', 1, 1),
(1382, 1, 'Texte 0', 1, 1),
(1383, 1, 'Texte 0', 1, 1),
(1384, 1, 'Texte 0', 0, 1),
(1385, 1, 'Texte 0', 1, 1),
(1386, 1, 'Texte 0', 1, 1),
(1387, 1, 'Texte 0', 1, 1),
(1388, 1, 'Texte 0', 0, 1),
(1389, 1, 'Texte 0', 1, 1),
(1390, 1, 'Texte 0', 0, 1),
(1391, 1, 'Texte 0', 0, 1),
(1392, 1, 'Texte 0', 0, 1),
(1393, 1, 'Texte 0', 1, 1),
(1394, 1, 'Texte 0', 1, 1),
(1395, 1, 'Texte 0', 0, 1),
(1396, 1, 'Texte 0', 1, 1),
(1397, 1, 'Texte 0', 1, 1),
(1398, 1, 'Texte 0', 0, 1),
(1399, 1, 'Texte 0', 1, 1),
(1400, 1, 'Texte 0', 1, 1),
(1401, 1, 'Texte 0', 1, 1),
(1402, 1, 'Texte 0', 0, 1),
(1403, 1, 'Texte 0', 0, 1),
(1404, 1, 'Texte 0', 1, 1),
(1405, 1, 'Texte 0', 0, 1),
(1406, 1, 'Texte 0', 1, 1),
(1407, 1, 'Texte 0', 1, 1),
(1408, 1, 'Texte 0', 1, 1),
(1409, 1, 'Texte 0', 1, 1),
(1410, 1, 'Texte 0', 0, 1),
(1411, 1, 'Texte 0', 0, 1),
(1412, 1, 'Texte 0', 1, 1),
(1413, 1, 'Texte 0', 1, 1),
(1414, 1, 'Texte 0', 1, 1),
(1415, 1, 'Texte 0', 0, 1),
(1416, 1, 'Texte 0', 1, 1),
(1417, 1, 'Texte 0', 1, 1),
(1418, 1, 'Texte 0', 0, 1),
(1419, 1, 'Texte 0', 0, 1),
(1420, 1, 'Texte 0', 1, 1),
(1421, 1, 'Texte 0', 0, 1),
(1422, 1, 'Texte 0', 0, 1),
(1423, 1, 'Texte 0', 1, 1),
(1424, 1, 'Texte 0', 0, 1),
(1425, 1, 'Texte 0', 1, 1),
(1426, 1, 'Texte 0', 1, 1),
(1427, 1, 'Texte 0', 0, 1),
(1428, 1, 'Texte 0', 1, 1),
(1429, 1, 'Texte 0', 1, 1),
(1430, 1, 'Texte 0', 0, 1),
(1431, 1, 'Texte 0', 1, 1),
(1432, 1, 'Texte 0', 0, 1),
(1433, 1, 'Texte 0', 0, 1),
(1434, 1, 'Texte 0', 1, 1),
(1435, 1, 'Texte 0', 0, 1),
(1436, 1, 'Texte 0', 1, 1),
(1437, 1, 'Texte 0', 1, 1),
(1438, 1, 'Texte 0', 0, 1),
(1439, 1, 'Texte 0', 0, 1),
(1440, 1, 'Texte 0', 0, 1),
(1441, 1, 'Texte 0', 0, 1),
(1442, 1, 'Texte 0', 0, 1),
(1443, 1, 'Texte 0', 0, 1),
(1444, 1, 'Texte 0', 0, 1),
(1445, 1, 'Texte 0', 1, 1),
(1446, 1, 'Texte 0', 0, 1),
(1447, 1, 'Texte 0', 0, 1),
(1448, 1, 'Texte 0', 1, 1),
(1449, 1, 'Texte 0', 1, 1),
(1450, 1, 'Texte 0', 1, 1),
(1451, 1, 'Texte 0', 1, 1),
(1452, 1, 'Texte 0', 0, 1),
(1453, 1, 'Texte 0', 0, 1),
(1454, 1, 'Texte 0', 1, 1),
(1455, 1, 'Texte 0', 1, 1),
(1456, 1, 'Texte 0', 0, 1),
(1457, 1, 'Texte 0', 0, 1),
(1458, 1, 'Texte 0', 1, 1),
(1459, 1, 'Texte 0', 0, 1),
(1460, 1, 'Texte 0', 1, 1),
(1461, 1, 'Texte 0', 1, 1),
(1462, 1, 'Texte 0', 0, 1),
(1463, 1, 'Texte 0', 0, 1),
(1464, 1, 'Texte 0', 0, 1),
(1465, 1, 'Texte 0', 0, 1),
(1466, 1, 'Texte 0', 1, 1),
(1467, 1, 'Texte 0', 1, 1),
(1468, 1, 'Texte 0', 0, 1),
(1469, 1, 'Texte 0', 0, 1),
(1470, 1, 'Texte 0', 1, 1),
(1471, 1, 'Texte 0', 1, 1),
(1472, 1, 'Texte 0', 1, 1),
(1473, 1, 'Texte 0', 0, 1),
(1474, 1, 'Texte 0', 1, 1),
(1475, 1, 'Texte 0', 1, 1),
(1476, 1, 'Texte 0', 1, 1),
(1477, 1, 'Texte 0', 0, 1),
(1478, 1, 'Texte 0', 0, 1),
(1479, 1, 'Texte 0', 1, 1),
(1480, 1, 'Texte 0', 1, 1),
(1481, 1, 'Texte 0', 0, 1),
(1482, 1, 'Texte 0', 1, 1),
(1483, 1, 'Texte 0', 1, 1),
(1484, 1, 'Texte 0', 1, 1),
(1485, 1, 'Texte 0', 1, 1),
(1486, 1, 'Texte 0', 0, 1),
(1487, 1, 'Texte 0', 0, 1),
(1488, 1, 'Texte 0', 1, 1),
(1489, 1, 'Texte 0', 0, 1),
(1490, 1, 'Texte 0', 1, 1),
(1491, 1, 'Texte 0', 0, 1),
(1492, 1, 'Texte 0', 1, 1),
(1493, 1, 'Texte 0', 1, 1),
(1494, 1, 'Texte 0', 1, 1),
(1495, 1, 'Texte 0', 1, 1),
(1496, 1, 'Texte 0', 0, 1),
(1497, 1, 'Texte 0', 0, 1),
(1498, 1, 'Texte 0', 1, 1),
(1499, 1, 'Texte 0', 1, 1),
(1500, 1, 'Texte 0', 1, 1),
(1501, 1, 'Texte 0', 0, 1),
(1502, 1, 'Texte 0', 1, 1),
(1503, 1, 'Texte 0', 1, 1),
(1504, 1, 'Texte 0', 1, 1),
(1505, 1, 'Texte 0', 1, 1),
(1506, 1, 'Texte 0', 1, 1),
(1507, 1, 'Texte 0', 1, 1),
(1508, 1, 'Texte 0', 0, 1),
(1509, 1, 'Texte 0', 1, 1),
(1510, 1, 'Texte 0', 1, 1),
(1511, 1, 'Texte 0', 0, 1),
(1512, 1, 'Texte 0', 1, 1),
(1513, 1, 'Texte 0', 0, 1),
(1514, 1, 'Texte 0', 1, 1),
(1515, 1, 'Texte 0', 0, 1),
(1516, 1, 'Texte 0', 0, 1),
(1517, 1, 'Texte 0', 0, 1),
(1518, 1, 'Texte 0', 0, 1),
(1519, 1, 'Texte 0', 1, 1),
(1520, 1, 'Texte 0', 1, 1),
(1521, 1, 'Texte 0', 1, 1),
(1522, 1, 'Texte 0', 0, 1),
(1523, 1, 'Texte 0', 1, 1),
(1524, 1, 'Texte 0', 0, 1),
(1525, 1, 'Texte 0', 0, 1),
(1526, 1, 'Texte 0', 1, 1),
(1527, 1, 'Texte 0', 0, 1),
(1528, 1, 'Texte 0', 0, 1),
(1529, 1, 'Texte 0', 1, 1),
(1530, 1, 'Texte 0', 1, 1),
(1531, 1, 'Texte 0', 0, 1),
(1532, 1, 'Texte 0', 1, 1),
(1533, 1, 'Texte 0', 1, 1),
(1534, 1, 'Texte 0', 1, 1),
(1535, 1, 'Texte 0', 0, 1),
(1536, 1, 'Texte 0', 0, 1),
(1537, 1, 'Texte 0', 1, 1),
(1538, 1, 'Texte 0', 0, 1),
(1539, 1, 'Texte 0', 1, 1),
(1540, 1, 'Texte 0', 0, 1),
(1541, 1, 'Texte 0', 0, 1),
(1542, 1, 'Texte 0', 0, 1),
(1543, 1, 'Texte 0', 0, 1),
(1544, 1, 'Texte 0', 0, 1),
(1545, 1, 'Texte 0', 1, 1),
(1546, 1, 'Texte 0', 1, 1),
(1547, 1, 'Texte 0', 0, 1),
(1548, 1, 'Texte 0', 1, 1),
(1549, 1, 'Texte 0', 1, 1),
(1550, 1, 'Texte 0', 1, 1),
(1551, 1, 'Texte 0', 0, 1),
(1552, 1, 'Texte 0', 0, 1),
(1553, 1, 'Texte 0', 1, 1),
(1554, 1, 'Texte 0', 0, 1),
(1555, 1, 'Texte 0', 1, 1),
(1556, 1, 'Texte 0', 1, 1),
(1557, 1, 'Texte 0', 0, 1),
(1558, 1, 'Texte 0', 0, 1),
(1559, 1, 'Texte 0', 1, 1),
(1560, 1, 'Texte 0', 1, 1),
(1561, 1, 'Texte 0', 1, 1),
(1562, 1, 'Texte 0', 0, 1),
(1563, 1, 'Texte 0', 0, 1),
(1564, 1, 'Texte 0', 1, 1),
(1565, 1, 'Texte 0', 0, 1),
(1566, 1, 'Texte 0', 0, 1),
(1567, 1, 'Texte 0', 1, 1),
(1568, 1, 'Texte 0', 1, 1),
(1569, 1, 'Texte 0', 1, 1),
(1570, 1, 'Texte 0', 0, 1),
(1571, 1, 'Texte 0', 1, 1),
(1572, 1, 'Texte 0', 1, 1),
(1573, 1, 'Texte 0', 0, 1),
(1574, 1, 'Texte 0', 1, 1),
(1575, 1, 'Texte 0', 0, 1),
(1576, 1, 'Texte 0', 0, 1),
(1577, 1, 'Texte 0', 1, 1),
(1578, 1, 'Texte 0', 1, 1),
(1579, 1, 'Texte 0', 1, 1),
(1580, 1, 'Texte 0', 1, 1),
(1581, 1, 'Texte 0', 1, 1),
(1582, 1, 'Texte 0', 1, 1),
(1583, 1, 'Texte 0', 1, 1),
(1584, 1, 'Texte 0', 0, 1),
(1585, 1, 'Texte 0', 0, 1),
(1586, 1, 'Texte 0', 1, 1),
(1587, 1, 'Texte 0', 0, 1),
(1588, 1, 'Texte 0', 0, 1),
(1589, 1, 'Texte 0', 1, 1),
(1590, 1, 'Texte 0', 0, 1),
(1591, 1, 'Texte 0', 0, 1),
(1592, 1, 'Texte 0', 0, 1),
(1593, 1, 'Texte 0', 1, 1),
(1594, 1, 'Texte 0', 0, 1),
(1595, 1, 'Texte 0', 1, 1),
(1596, 1, 'Texte 0', 1, 1),
(1597, 1, 'Texte 0', 0, 1),
(1598, 1, 'Texte 0', 1, 1),
(1599, 1, 'Texte 0', 1, 1),
(1600, 1, 'Texte 0', 1, 1),
(1601, 1, 'Texte 0', 0, 1),
(1602, 1, 'Texte 0', 0, 1),
(1603, 1, 'Texte 0', 0, 1),
(1604, 1, 'Texte 0', 1, 1),
(1605, 1, 'Texte 0', 0, 1),
(1606, 1, 'Texte 0', 0, 1),
(1607, 1, 'Texte 0', 1, 1),
(1608, 1, 'Texte 0', 1, 1),
(1609, 1, 'Texte 0', 0, 1),
(1610, 1, 'Texte 0', 1, 1),
(1611, 1, 'Texte 0', 0, 1),
(1612, 1, 'Texte 0', 1, 1),
(1613, 1, 'Texte 0', 0, 1),
(1614, 1, 'Texte 0', 0, 1),
(1615, 1, 'Texte 0', 1, 1),
(1616, 1, 'Texte 0', 0, 1),
(1617, 1, 'Texte 0', 1, 1),
(1618, 1, 'Texte 0', 0, 1),
(1619, 1, 'Texte 0', 0, 1),
(1620, 1, 'Texte 0', 1, 1),
(1621, 1, 'Texte 0', 0, 1),
(1622, 1, 'Texte 0', 0, 1),
(1623, 1, 'Texte 0', 1, 1),
(1624, 1, 'Texte 0', 0, 1),
(1625, 1, 'Texte 0', 0, 1),
(1626, 1, 'Texte 0', 0, 1),
(1627, 1, 'Texte 0', 1, 1),
(1628, 1, 'Texte 0', 1, 1),
(1629, 1, 'Texte 0', 1, 1),
(1630, 1, 'Texte 0', 1, 1),
(1631, 1, 'Texte 0', 1, 1),
(1632, 1, 'Texte 0', 0, 1),
(1633, 1, 'Texte 0', 0, 1),
(1634, 1, 'Texte 0', 0, 1),
(1635, 1, 'Texte 0', 0, 1),
(1636, 1, 'Texte 0', 0, 1),
(1637, 1, 'Texte 0', 0, 1),
(1638, 1, 'Texte 0', 1, 1),
(1639, 1, 'Texte 0', 1, 1),
(1640, 1, 'Texte 0', 1, 1),
(1641, 1, 'Texte 0', 0, 1),
(1642, 1, 'Texte 0', 1, 1),
(1643, 1, 'Texte 0', 1, 1),
(1644, 1, 'Texte 0', 1, 1),
(1645, 1, 'Texte 0', 1, 1),
(1646, 1, 'Texte 0', 1, 1),
(1647, 1, 'Texte 0', 1, 1),
(1648, 1, 'Texte 0', 0, 1),
(1649, 1, 'Texte 0', 0, 1),
(1650, 1, 'Texte 0', 1, 1),
(1651, 1, 'Texte 0', 0, 1),
(1652, 1, 'Texte 0', 0, 1),
(1653, 1, 'Texte 0', 0, 1),
(1654, 1, 'Texte 0', 0, 1),
(1655, 1, 'Texte 0', 0, 1),
(1656, 1, 'Texte 0', 0, 1),
(1657, 1, 'Texte 0', 0, 1),
(1658, 1, 'Texte 0', 0, 1),
(1659, 1, 'Texte 0', 0, 1),
(1660, 1, 'Texte 0', 1, 1),
(1661, 1, 'Texte 0', 0, 1),
(1662, 1, 'Texte 0', 1, 1),
(1663, 1, 'Texte 0', 1, 1),
(1664, 1, 'Texte 0', 1, 1),
(1665, 1, 'Texte 0', 1, 1),
(1666, 1, 'Texte 0', 0, 1),
(1667, 1, 'Texte 0', 1, 1),
(1668, 1, 'Texte 0', 1, 1),
(1669, 1, 'Texte 0', 0, 1),
(1670, 1, 'Texte 0', 0, 1),
(1671, 1, 'Texte 0', 1, 1),
(1672, 1, 'Texte 0', 1, 1),
(1673, 1, 'Texte 0', 0, 1),
(1674, 1, 'Texte 0', 0, 1),
(1675, 1, 'Texte 0', 0, 1),
(1676, 1, 'Texte 0', 0, 1),
(1677, 1, 'Texte 0', 0, 1),
(1678, 1, 'Texte 0', 1, 1),
(1679, 1, 'Texte 0', 0, 1),
(1680, 1, 'Texte 0', 0, 1),
(1681, 1, 'Texte 0', 1, 1),
(1682, 1, 'Texte 0', 0, 1),
(1683, 1, 'Texte 0', 1, 1),
(1684, 1, 'Texte 0', 1, 1),
(1685, 1, 'Texte 0', 0, 1),
(1686, 1, 'Texte 0', 0, 1),
(1687, 1, 'Texte 0', 0, 1),
(1688, 1, 'Texte 0', 0, 1),
(1689, 1, 'Texte 0', 1, 1),
(1690, 1, 'Texte 0', 0, 1),
(1691, 1, 'Texte 0', 0, 1),
(1692, 1, 'Texte 0', 1, 1),
(1693, 1, 'Texte 0', 0, 1),
(1694, 1, 'Texte 0', 0, 1),
(1695, 1, 'Texte 0', 0, 1),
(1696, 1, 'Texte 0', 0, 1),
(1697, 1, 'Texte 0', 0, 1),
(1698, 1, 'Texte 0', 1, 1),
(1699, 1, 'Texte 0', 0, 1),
(1700, 1, 'Texte 0', 0, 1),
(1701, 1, 'Texte 0', 0, 1),
(1702, 1, 'Texte 0', 1, 1),
(1703, 1, 'Texte 0', 1, 1),
(1704, 1, 'Texte 0', 0, 1),
(1705, 1, 'Texte 0', 0, 1),
(1706, 1, 'Texte 0', 0, 1),
(1707, 1, 'Texte 0', 1, 1),
(1708, 1, 'Texte 0', 0, 1),
(1709, 1, 'Texte 0', 0, 1),
(1710, 1, 'Texte 0', 0, 1),
(1711, 1, 'Texte 0', 0, 1),
(1712, 1, 'Texte 0', 0, 1),
(1713, 1, 'Texte 0', 1, 1),
(1714, 1, 'Texte 0', 0, 1),
(1715, 1, 'Texte 0', 0, 1),
(1716, 1, 'Texte 0', 0, 1),
(1717, 1, 'Texte 0', 1, 1),
(1718, 1, 'Texte 0', 0, 1),
(1719, 1, 'Texte 0', 1, 1),
(1720, 1, 'Texte 0', 0, 1),
(1721, 1, 'Texte 0', 0, 1),
(1722, 1, 'Texte 0', 0, 1),
(1723, 1, 'Texte 0', 0, 1),
(1724, 1, 'Texte 0', 0, 1),
(1725, 1, 'Texte 0', 0, 1),
(1726, 1, 'Texte 0', 1, 1),
(1727, 1, 'Texte 0', 0, 1),
(1728, 1, 'Texte 0', 1, 1),
(1729, 1, 'Texte 0', 0, 1),
(1730, 1, 'Texte 0', 1, 1),
(1731, 1, 'Texte 0', 0, 1),
(1732, 1, 'Texte 0', 0, 1),
(1733, 1, 'Texte 0', 0, 1),
(1734, 1, 'Texte 0', 0, 1),
(1735, 1, 'Texte 0', 0, 1),
(1736, 1, 'Texte 0', 0, 1),
(1737, 1, 'Texte 0', 1, 1),
(1738, 1, 'Texte 0', 1, 1),
(1739, 1, 'Texte 0', 0, 1),
(1740, 1, 'Texte 0', 1, 1),
(1741, 1, 'Texte 0', 0, 1),
(1742, 1, 'Texte 0', 1, 1),
(1743, 1, 'Texte 0', 0, 1),
(1744, 1, 'Texte 0', 0, 1),
(1745, 1, 'Texte 0', 1, 1),
(1746, 1, 'Texte 0', 1, 1),
(1747, 1, 'Texte 0', 0, 1),
(1748, 1, 'Texte 0', 1, 1),
(1749, 1, 'Texte 0', 0, 1),
(1750, 1, 'Texte 0', 0, 1),
(1751, 1, 'Texte 0', 0, 1),
(1752, 1, 'Texte 0', 0, 1),
(1753, 1, 'Texte 0', 0, 1),
(1754, 1, 'Texte 0', 0, 1),
(1755, 1, 'Texte 0', 1, 1),
(1756, 1, 'Texte 0', 0, 1),
(1757, 1, 'Texte 0', 1, 1),
(1758, 1, 'Texte 0', 1, 1),
(1759, 1, 'Texte 0', 0, 1),
(1760, 1, 'Texte 0', 1, 1),
(1761, 1, 'Texte 0', 0, 1),
(1762, 1, 'Texte 0', 0, 1),
(1763, 1, 'Texte 0', 1, 1),
(1764, 1, 'Texte 0', 0, 1),
(1765, 1, 'Texte 0', 0, 1),
(1766, 1, 'Texte 0', 0, 1),
(1767, 1, 'Texte 0', 0, 1),
(1768, 1, 'Texte 0', 1, 1),
(1769, 1, 'Texte 0', 1, 1),
(1770, 1, 'Texte 0', 0, 1),
(1771, 1, 'Texte 0', 0, 1),
(1772, 1, 'Texte 0', 1, 1),
(1773, 1, 'Texte 0', 0, 1),
(1774, 1, 'Texte 0', 0, 1),
(1775, 1, 'Texte 0', 0, 1),
(1776, 1, 'Texte 0', 1, 1),
(1777, 1, 'Texte 0', 1, 1),
(1778, 1, 'Texte 0', 0, 1),
(1779, 1, 'Texte 0', 0, 1),
(1780, 1, 'Texte 0', 1, 1),
(1781, 1, 'Texte 0', 0, 1),
(1782, 1, 'Texte 0', 1, 1),
(1783, 1, 'Texte 0', 1, 1),
(1784, 1, 'Texte 0', 1, 1),
(1785, 1, 'Texte 0', 1, 1),
(1786, 1, 'Texte 0', 1, 1),
(1787, 1, 'Texte 0', 0, 1),
(1788, 1, 'Texte 0', 0, 1),
(1789, 1, 'Texte 0', 0, 1),
(1790, 1, 'Texte 0', 0, 1),
(1791, 1, 'Texte 0', 1, 1),
(1792, 1, 'Texte 0', 1, 1),
(1793, 1, 'Texte 0', 1, 1),
(1794, 1, 'Texte 0', 1, 1),
(1795, 1, 'Texte 0', 1, 1),
(1796, 1, 'Texte 0', 1, 1),
(1797, 1, 'Texte 0', 0, 1),
(1798, 1, 'Texte 0', 0, 1),
(1799, 1, 'Texte 0', 0, 1),
(1800, 1, 'Texte 0', 0, 1),
(1801, 1, 'Texte 0', 0, 1),
(1802, 1, 'Texte 0', 0, 1),
(1803, 1, 'Texte 0', 1, 1),
(1804, 1, 'Texte 0', 1, 1),
(1805, 1, 'Texte 0', 0, 1),
(1806, 1, 'Texte 0', 1, 1),
(1807, 1, 'Texte 0', 1, 1),
(1808, 1, 'Texte 0', 0, 1),
(1809, 1, 'Texte 0', 1, 1),
(1810, 1, 'Texte 0', 1, 1),
(1811, 1, 'Texte 0', 0, 1),
(1812, 1, 'Texte 0', 1, 1),
(1813, 1, 'Texte 0', 1, 1),
(1814, 1, 'Texte 0', 0, 1),
(1815, 1, 'Texte 0', 1, 1),
(1816, 1, 'Texte 0', 0, 1),
(1817, 1, 'Texte 0', 1, 1),
(1818, 1, 'Texte 0', 1, 1),
(1819, 1, 'Texte 0', 0, 1),
(1820, 1, 'Texte 0', 1, 1),
(1821, 1, 'Texte 0', 1, 1),
(1822, 1, 'Texte 0', 1, 1),
(1823, 1, 'Texte 0', 1, 1),
(1824, 1, 'Texte 0', 0, 1),
(1825, 1, 'Texte 0', 0, 1),
(1826, 1, 'Texte 0', 0, 1),
(1827, 1, 'Texte 0', 0, 1),
(1828, 1, 'Texte 0', 0, 1),
(1829, 1, 'Texte 0', 1, 1),
(1830, 1, 'Texte 0', 1, 1),
(1831, 1, 'Texte 0', 1, 1),
(1832, 1, 'Texte 0', 1, 1),
(1833, 1, 'Texte 0', 1, 1),
(1834, 1, 'Texte 0', 0, 1),
(1835, 1, 'Texte 0', 0, 1),
(1836, 1, 'Texte 0', 0, 1),
(1837, 1, 'Texte 0', 0, 1),
(1838, 1, 'Texte 0', 1, 1),
(1839, 1, 'Texte 0', 0, 1),
(1840, 1, 'Texte 0', 1, 1),
(1841, 1, 'Texte 0', 0, 1),
(1842, 1, 'Texte 0', 0, 1),
(1843, 1, 'Texte 0', 0, 1),
(1844, 1, 'Texte 0', 0, 1),
(1845, 1, 'Texte 0', 0, 1),
(1846, 1, 'Texte 0', 1, 1),
(1847, 1, 'Texte 0', 0, 1),
(1848, 1, 'Texte 0', 0, 1),
(1849, 1, 'Texte 0', 1, 1),
(1850, 1, 'Texte 0', 0, 1),
(1851, 1, 'Texte 0', 1, 1),
(1852, 1, 'Texte 0', 0, 1),
(1853, 1, 'Texte 0', 1, 1),
(1854, 1, 'Texte 0', 0, 1),
(1855, 1, 'Texte 0', 0, 1),
(1856, 1, 'Texte 0', 1, 1),
(1857, 1, 'Texte 0', 1, 1),
(1858, 1, 'Texte 0', 1, 1),
(1859, 1, 'Texte 0', 0, 1),
(1860, 1, 'Texte 0', 0, 1),
(1861, 1, 'Texte 0', 0, 1),
(1862, 1, 'Texte 0', 1, 1),
(1863, 1, 'Texte 0', 1, 1),
(1864, 1, 'Texte 0', 0, 1),
(1865, 1, 'Texte 0', 1, 1),
(1866, 1, 'Texte 0', 0, 1),
(1867, 1, 'Texte 0', 1, 1),
(1868, 1, 'Texte 0', 1, 1),
(1869, 1, 'Texte 0', 1, 1),
(1870, 1, 'Texte 0', 1, 1),
(1871, 1, 'Texte 0', 0, 1),
(1872, 1, 'Texte 0', 1, 1),
(1873, 1, 'Texte 0', 0, 1),
(1874, 1, 'Texte 0', 0, 1),
(1875, 1, 'Texte 0', 0, 1),
(1876, 1, 'Texte 0', 0, 1),
(1877, 1, 'Texte 0', 0, 1),
(1878, 1, 'Texte 0', 0, 1),
(1879, 1, 'Texte 0', 1, 1),
(1880, 1, 'Texte 0', 0, 1),
(1881, 1, 'Texte 0', 1, 1),
(1882, 1, 'Texte 0', 1, 1),
(1883, 1, 'Texte 0', 0, 1),
(1884, 1, 'Texte 0', 1, 1),
(1885, 1, 'Texte 0', 0, 1),
(1886, 1, 'Texte 0', 0, 1),
(1887, 1, 'Texte 0', 1, 1),
(1888, 1, 'Texte 0', 1, 1),
(1889, 1, 'Texte 0', 1, 1),
(1890, 1, 'Texte 0', 1, 1),
(1891, 1, 'Texte 0', 0, 1),
(1892, 1, 'Texte 0', 0, 1),
(1893, 1, 'Texte 0', 1, 1),
(1894, 1, 'Texte 0', 1, 1),
(1895, 1, 'Texte 0', 1, 1),
(1896, 1, 'Texte 0', 0, 1),
(1897, 1, 'Texte 0', 1, 1),
(1898, 1, 'Texte 0', 0, 1),
(1899, 1, 'Texte 0', 0, 1),
(1900, 1, 'Texte 0', 0, 1),
(1901, 1, 'Texte 0', 1, 1),
(1902, 1, 'Texte 0', 1, 1),
(1903, 1, 'Texte 0', 1, 1),
(1904, 1, 'Texte 0', 0, 1),
(1905, 1, 'Texte 0', 0, 1),
(1906, 1, 'Texte 0', 0, 1),
(1907, 1, 'Texte 0', 1, 1),
(1908, 1, 'Texte 0', 1, 1),
(1909, 1, 'Texte 0', 0, 1),
(1910, 1, 'Texte 0', 0, 1),
(1911, 1, 'Texte 0', 0, 1),
(1912, 1, 'Texte 0', 1, 1),
(1913, 1, 'Texte 0', 0, 1),
(1914, 1, 'Texte 0', 0, 1),
(1915, 1, 'Texte 0', 1, 1),
(1916, 1, 'Texte 0', 0, 1),
(1917, 1, 'Texte 0', 0, 1),
(1918, 1, 'Texte 0', 0, 1),
(1919, 1, 'Texte 0', 0, 1),
(1920, 1, 'Texte 0', 1, 1),
(1921, 1, 'Texte 0', 1, 1),
(1922, 1, 'Texte 0', 0, 1),
(1923, 1, 'Texte 0', 0, 1),
(1924, 1, 'Texte 0', 0, 1),
(1925, 1, 'Texte 0', 0, 1),
(1926, 1, 'Texte 0', 0, 1),
(1927, 1, 'Texte 0', 1, 1),
(1928, 1, 'Texte 0', 1, 1),
(1929, 1, 'Texte 0', 1, 1),
(1930, 1, 'Texte 0', 1, 1),
(1931, 1, 'Texte 0', 1, 1),
(1932, 1, 'Texte 0', 0, 1),
(1933, 1, 'Texte 0', 0, 1),
(1934, 1, 'Texte 0', 1, 1),
(1935, 1, 'Texte 0', 0, 1),
(1936, 1, 'Texte 0', 0, 1),
(1937, 1, 'Texte 0', 0, 1),
(1938, 1, 'Texte 0', 1, 1),
(1939, 1, 'Texte 0', 0, 1),
(1940, 1, 'Texte 0', 0, 1),
(1941, 1, 'Texte 0', 1, 1),
(1942, 1, 'Texte 0', 1, 1),
(1943, 1, 'Texte 0', 0, 1),
(1944, 1, 'Texte 0', 0, 1),
(1945, 1, 'Texte 0', 1, 1),
(1946, 1, 'Texte 0', 0, 1),
(1947, 1, 'Texte 0', 1, 1),
(1948, 1, 'Texte 0', 0, 1),
(1949, 1, 'Texte 0', 1, 1),
(1950, 1, 'Texte 0', 1, 1),
(1951, 1, 'Texte 0', 1, 1),
(1952, 1, 'Texte 0', 1, 1),
(1953, 1, 'Texte 0', 0, 1),
(1954, 1, 'Texte 0', 0, 1),
(1955, 1, 'Texte 0', 1, 1),
(1956, 1, 'Texte 0', 1, 1),
(1957, 1, 'Texte 0', 0, 1),
(1958, 1, 'Texte 0', 1, 1),
(1959, 1, 'Texte 0', 0, 1),
(1960, 1, 'Texte 0', 1, 1),
(1961, 1, 'Texte 0', 0, 1),
(1962, 1, 'Texte 0', 0, 1),
(1963, 1, 'Texte 0', 0, 1),
(1964, 1, 'Texte 0', 0, 1),
(1965, 1, 'Texte 0', 0, 1),
(1966, 1, 'Texte 0', 1, 1),
(1967, 1, 'Texte 0', 1, 1),
(1968, 1, 'Texte 0', 0, 1),
(1969, 1, 'Texte 0', 1, 1),
(1970, 1, 'Texte 0', 0, 1),
(1971, 1, 'Texte 0', 1, 1),
(1972, 1, 'Texte 0', 0, 1),
(1973, 1, 'Texte 0', 1, 1),
(1974, 1, 'Texte 0', 1, 1),
(1975, 1, 'Texte 0', 0, 1),
(1976, 1, 'Texte 0', 0, 1),
(1977, 1, 'Texte 0', 1, 1),
(1978, 1, 'Texte 0', 0, 1),
(1979, 1, 'Texte 0', 0, 1),
(1980, 1, 'Texte 0', 0, 1),
(1981, 1, 'Texte 0', 1, 1),
(1982, 1, 'Texte 0', 0, 1),
(1983, 1, 'Texte 0', 0, 1),
(1984, 1, 'Texte 0', 1, 1),
(1985, 1, 'Texte 0', 0, 1),
(1986, 1, 'Texte 0', 0, 1),
(1987, 1, 'Texte 0', 1, 1),
(1988, 1, 'Texte 0', 1, 1),
(1989, 1, 'Texte 0', 0, 1),
(1990, 1, 'Texte 0', 1, 1),
(1991, 1, 'Texte 0', 0, 1),
(1992, 1, 'Texte 0', 0, 1),
(1993, 1, 'Texte 0', 1, 1),
(1994, 1, 'Texte 0', 0, 1),
(1995, 1, 'Texte 0', 1, 1),
(1996, 1, 'Texte 0', 1, 1),
(1997, 1, 'Texte 0', 0, 1),
(1998, 1, 'Texte 0', 1, 1),
(1999, 1, 'Texte 0', 0, 1),
(2000, 1, 'Texte 0', 0, 1),
(2001, 1, 'Texte 0', 0, 1),
(2002, 1, 'Texte 0', 0, 1),
(2003, 1, 'Texte 0', 1, 1),
(2004, 1, 'Texte 0', 0, 1),
(2005, 1, 'Texte 0', 0, 1),
(2006, 1, 'Texte 0', 0, 1),
(2007, 1, 'Texte 0', 1, 1),
(2008, 1, 'Texte 0', 0, 1),
(2009, 1, 'Texte 0', 0, 1),
(2010, 1, 'Texte 0', 1, 1),
(2011, 1, 'Texte 0', 0, 1),
(2012, 1, 'Texte 0', 1, 1),
(2013, 1, 'Texte 0', 1, 1),
(2014, 1, 'Texte 0', 1, 1),
(2015, 1, 'Texte 0', 1, 1),
(2016, 1, 'Texte 0', 0, 1),
(2017, 1, 'Texte 0', 0, 1),
(2018, 1, 'Texte 0', 1, 1),
(2019, 1, 'Texte 0', 0, 1),
(2020, 1, 'Texte 0', 0, 1),
(2021, 1, 'Texte 0', 1, 1),
(2022, 1, 'Texte 0', 1, 1),
(2023, 1, 'Texte 0', 1, 1),
(2024, 1, 'Texte 0', 0, 1),
(2025, 1, 'Texte 0', 1, 1),
(2026, 1, 'Texte 0', 1, 1),
(2027, 1, 'Texte 0', 0, 1),
(2028, 1, 'Texte 0', 0, 1),
(2029, 1, 'Texte 0', 0, 1),
(2030, 1, 'Texte 0', 1, 1),
(2031, 1, 'Texte 0', 0, 1),
(2032, 1, 'Texte 0', 1, 1),
(2033, 1, 'Texte 0', 0, 1),
(2034, 1, 'Texte 0', 1, 1),
(2035, 1, 'Texte 0', 0, 1),
(2036, 1, 'Texte 0', 0, 1),
(2037, 1, 'Texte 0', 0, 1),
(2038, 1, 'Texte 0', 1, 1),
(2039, 1, 'Texte 0', 0, 1),
(2040, 1, 'Texte 0', 0, 1),
(2041, 1, 'Texte 0', 1, 1),
(2042, 1, 'Texte 0', 1, 1),
(2043, 1, 'Texte 0', 1, 1),
(2044, 1, 'Texte 0', 0, 1),
(2045, 1, 'Texte 0', 0, 1),
(2046, 1, 'Texte 0', 0, 1),
(2047, 1, 'Texte 0', 0, 1),
(2048, 1, 'Texte 0', 1, 1),
(2049, 1, 'Texte 0', 0, 1),
(2050, 1, 'Texte 0', 0, 1),
(2051, 1, 'Texte 0', 1, 1),
(2052, 1, 'Texte 0', 0, 1),
(2053, 1, 'Texte 0', 1, 1),
(2054, 1, 'Texte 0', 0, 1),
(2055, 1, 'Texte 0', 1, 1),
(2056, 1, 'Texte 0', 0, 1),
(2057, 1, 'Texte 0', 0, 1),
(2058, 1, 'Texte 0', 0, 1);

-- --------------------------------------------------------

--
-- Structure de la table `questions`
--

CREATE TABLE `questions` (
  `id` bigint(20) UNSIGNED NOT NULL,
  `creator_id` bigint(20) UNSIGNED NOT NULL,
  `title` text COLLATE utf8mb4_unicode_ci NOT NULL
) ENGINE=InnoDB DEFAULT CHARSET=utf8mb4 COLLATE=utf8mb4_unicode_ci;

--
-- Contenu de la table `questions`
--

INSERT INTO `questions` (`id`, `creator_id`, `title`) VALUES
(1, 1, 'question 1'),
(2, 1, 'question 2'),
(3, 1, 'question 3'),
(4, 1, 'question 4'),
(5, 1, 'question 5'),
(6, 1, 'question 6'),
(7, 1, 'question 7'),
(8, 1, 'question 8'),
(9, 1, 'question 9'),
(10, 1, 'question 10'),
(11, 1, 'question 11'),
(12, 1, 'question 12'),
(13, 1, 'question 13'),
(14, 1, 'question 14'),
(15, 1, 'question 15'),
(16, 1, 'question 16'),
(17, 1, 'question 17'),
(18, 1, 'question 18'),
(19, 1, 'question 19'),
(20, 1, 'question 20'),
(21, 2, 'question 21'),
(22, 2, 'question 22'),
(23, 2, 'question 23'),
(24, 2, 'question 24'),
(25, 2, 'question 25'),
(26, 2, 'question 26'),
(27, 2, 'question 27'),
(28, 2, 'question 28'),
(29, 2, 'question 29'),
(30, 2, 'question 30'),
(31, 2, 'question 31'),
(32, 2, 'question 32'),
(33, 2, 'question 33'),
(34, 2, 'question 34'),
(35, 2, 'question 35'),
(36, 2, 'question 36'),
(37, 2, 'question 37'),
(38, 2, 'question 38'),
(39, 2, 'question 39'),
(40, 2, 'question 40'),
(41, 3, 'question 41'),
(42, 3, 'question 42'),
(43, 3, 'question 43'),
(44, 3, 'question 44'),
(45, 3, 'question 45'),
(46, 3, 'question 46'),
(47, 3, 'question 47'),
(48, 3, 'question 48'),
(49, 3, 'question 49'),
(50, 3, 'question 50'),
(51, 3, 'question 51'),
(52, 3, 'question 52'),
(53, 3, 'question 53'),
(54, 3, 'question 54'),
(55, 3, 'question 55'),
(56, 3, 'question 56'),
(57, 3, 'question 57'),
(58, 3, 'question 58'),
(59, 3, 'question 59'),
(60, 3, 'question 60'),
(61, 4, 'question 61'),
(62, 4, 'question 62'),
(63, 4, 'question 63'),
(64, 4, 'question 64'),
(65, 4, 'question 65'),
(66, 4, 'question 66'),
(67, 4, 'question 67'),
(68, 4, 'question 68'),
(69, 4, 'question 69'),
(70, 4, 'question 70'),
(71, 4, 'question 71'),
(72, 4, 'question 72'),
(73, 4, 'question 73'),
(74, 4, 'question 74'),
(75, 4, 'question 75'),
(76, 4, 'question 76'),
(77, 4, 'question 77'),
(78, 4, 'question 78'),
(79, 4, 'question 79'),
(80, 4, 'question 80'),
(81, 5, 'question 81'),
(82, 5, 'question 82'),
(83, 5, 'question 83'),
(84, 5, 'question 84'),
(85, 5, 'question 85'),
(86, 5, 'question 86'),
(87, 5, 'question 87'),
(88, 5, 'question 88'),
(89, 5, 'question 89'),
(90, 5, 'question 90'),
(91, 5, 'question 91'),
(92, 5, 'question 92'),
(93, 5, 'question 93'),
(94, 5, 'question 94'),
(95, 5, 'question 95'),
(96, 5, 'question 96'),
(97, 5, 'question 97'),
(98, 5, 'question 98'),
(99, 5, 'question 99'),
(100, 5, 'question 100');

-- --------------------------------------------------------

--
-- Structure de la table `quizs`
--

CREATE TABLE `quizs` (
  `id` bigint(20) UNSIGNED NOT NULL,
  `creator_id` bigint(20) UNSIGNED NOT NULL,
  `date_created` datetime NOT NULL,
  `title` varchar(255) COLLATE utf8mb4_unicode_ci NOT NULL,
  `description` text COLLATE utf8mb4_unicode_ci NOT NULL,
  `skills_id` longtext COLLATE utf8mb4_unicode_ci NOT NULL COMMENT '(DC2Type:array)',
  `is_active` tinyint(1) NOT NULL
) ENGINE=InnoDB DEFAULT CHARSET=utf8mb4 COLLATE=utf8mb4_unicode_ci;

--
-- Contenu de la table `quizs`
--

INSERT INTO `quizs` (`id`, `creator_id`, `date_created`, `title`, `description`, `skills_id`, `is_active`) VALUES
(1, 1, '2016-01-27 19:29:48', 'quiz 1', '1description1', 'XXX', 1),
(2, 2, '2016-01-27 19:29:48', 'quiz 12222', '2description1', 'XXX', 1),
(3, 3, '2016-01-27 19:29:48', 'quiz 54543', '3description1', 'XXX', 1),
(4, 4, '2016-01-27 19:29:48', 'quiz 1', '4description1', 'XXX', 1),
(5, 5, '2016-01-27 19:29:48', 'quiz 1', '5description1', 'XXX', 1),
(6, 1, '2016-01-27 19:29:48', 'quiz 2', '1description2', 'XXX', 1),
(7, 2, '2016-01-27 19:29:48', 'quiz 2', '2description2', 'XXX', 1),
(8, 3, '2016-01-27 19:29:48', 'quiz 2', '3description2', 'XXX', 1),
(9, 4, '2016-01-27 19:29:48', 'quiz 2', '4description2', 'XXX', 1),
(10, 5, '2016-01-27 19:29:48', 'quiz 2', '5description2', 'XXX', 1),
(11, 1, '2016-01-27 19:29:48', 'quiz 3', '1description3', 'XXX', 1),
(12, 2, '2016-01-27 19:29:48', 'quiz 3', '2description3', 'XXX', 1),
(13, 3, '2016-01-27 19:29:48', 'quiz 3', '3description3', 'XXX', 1),
(14, 4, '2016-01-27 19:29:48', 'quiz 3', '4description3', 'XXX', 1),
(15, 5, '2016-01-27 19:29:48', 'quiz 3', '5description3', 'XXX', 1),
(16, 1, '2016-01-27 19:29:48', 'quiz 4', '1description4', 'XXX', 1),
(17, 2, '2016-01-27 19:29:48', 'quiz 4', '2description4', 'XXX', 1),
(18, 3, '2016-01-27 19:29:48', 'quiz 4', '3description4', 'XXX', 1),
(19, 4, '2016-01-27 19:29:48', 'quiz 4', '4description4', 'XXX', 1),
(20, 5, '2016-01-27 19:29:48', 'quiz 4', '5description4', 'XXX', 1),
(21, 1, '2016-01-27 19:29:48', 'quiz 5', '1description5', 'XXX', 1),
(22, 2, '2016-01-27 19:29:48', 'quiz 5', '2description5', 'XXX', 1),
(23, 3, '2016-01-27 19:29:48', 'quiz 5', '3description5', 'XXX', 1),
(24, 4, '2016-01-27 19:29:48', 'quiz 5', '4description5', 'XXX', 1),
(25, 5, '2016-01-27 19:29:48', 'quiz 5', '5description5', 'XXX', 1);

-- --------------------------------------------------------

--
-- Structure de la table `quizs__questions`
--

CREATE TABLE `quizs__questions` (
  `id` bigint(20) UNSIGNED NOT NULL,
  `quiz_id` bigint(20) UNSIGNED NOT NULL,
  `question_id` bigint(20) UNSIGNED NOT NULL,
  `is_active` tinyint(1) NOT NULL
) ENGINE=InnoDB DEFAULT CHARSET=utf8mb4 COLLATE=utf8mb4_unicode_ci;

--
-- Contenu de la table `quizs__questions`
--

INSERT INTO `quizs__questions` (`id`, `quiz_id`, `question_id`, `is_active`) VALUES
(1, 1, 1, 1),
(2, 1, 2, 1),
(3, 1, 3, 1),
(4, 1, 4, 1),
(5, 1, 5, 1),
(6, 1, 6, 1),
(7, 1, 7, 1),
(8, 1, 8, 1),
(9, 1, 9, 1),
(10, 1, 10, 1),
(11, 1, 11, 1),
(12, 1, 12, 1),
(13, 1, 13, 1),
(14, 1, 14, 1),
(15, 1, 15, 1),
(16, 1, 16, 1),
(17, 1, 17, 1),
(18, 1, 18, 1),
(19, 1, 19, 1),
(20, 1, 20, 1),
(21, 2, 1, 1),
(22, 2, 2, 1),
(23, 2, 3, 1),
(24, 2, 4, 1),
(25, 2, 5, 1),
(26, 2, 6, 1),
(27, 2, 7, 1),
(28, 2, 8, 1),
(29, 2, 9, 1),
(30, 2, 10, 1),
(31, 2, 11, 1),
(32, 2, 12, 1),
(33, 2, 13, 1),
(34, 2, 14, 1),
(35, 2, 15, 1),
(36, 2, 16, 1),
(37, 2, 17, 1),
(38, 2, 18, 1),
(39, 2, 19, 1),
(40, 2, 20, 1),
(41, 3, 1, 1),
(42, 3, 2, 1),
(43, 3, 3, 1),
(44, 3, 4, 1),
(45, 3, 5, 1),
(46, 3, 6, 1),
(47, 3, 7, 1),
(48, 3, 8, 1),
(49, 3, 9, 1),
(50, 3, 10, 1),
(51, 3, 11, 1),
(52, 3, 12, 1),
(53, 3, 13, 1),
(54, 3, 14, 1),
(55, 3, 15, 1),
(56, 3, 16, 1),
(57, 3, 17, 1),
(58, 3, 18, 1),
(59, 3, 19, 1),
(60, 3, 20, 1),
(61, 4, 1, 1),
(62, 4, 2, 1),
(63, 4, 3, 1),
(64, 4, 4, 1),
(65, 4, 5, 1),
(66, 4, 6, 1),
(67, 4, 7, 1),
(68, 4, 8, 1),
(69, 4, 9, 1),
(70, 4, 10, 1),
(71, 4, 11, 1),
(72, 4, 12, 1),
(73, 4, 13, 1),
(74, 4, 14, 1),
(75, 4, 15, 1),
(76, 4, 16, 1),
(77, 4, 17, 1),
(78, 4, 18, 1),
(79, 4, 19, 1),
(80, 4, 20, 1),
(81, 5, 1, 1),
(82, 5, 2, 1),
(83, 5, 3, 1),
(84, 5, 4, 1),
(85, 5, 5, 1),
(86, 5, 6, 1),
(87, 5, 7, 1),
(88, 5, 8, 1),
(89, 5, 9, 1),
(90, 5, 10, 1),
(91, 5, 11, 1),
(92, 5, 12, 1),
(93, 5, 13, 1),
(94, 5, 14, 1),
(95, 5, 15, 1),
(96, 5, 16, 1),
(97, 5, 17, 1),
(98, 5, 18, 1),
(99, 5, 19, 1),
(100, 5, 20, 1),
(101, 6, 1, 1),
(102, 6, 2, 1),
(103, 6, 3, 1),
(104, 6, 4, 1),
(105, 6, 5, 1),
(106, 6, 6, 1),
(107, 6, 7, 1),
(108, 6, 8, 1),
(109, 6, 9, 1),
(110, 6, 10, 1),
(111, 6, 11, 1),
(112, 6, 12, 1),
(113, 6, 13, 1),
(114, 6, 14, 1),
(115, 6, 15, 1),
(116, 6, 16, 1),
(117, 6, 17, 1),
(118, 6, 18, 1),
(119, 6, 19, 1),
(120, 6, 20, 1),
(121, 7, 1, 1),
(122, 7, 2, 1),
(123, 7, 3, 1),
(124, 7, 4, 1),
(125, 7, 5, 1),
(126, 7, 6, 1),
(127, 7, 7, 1),
(128, 7, 8, 1),
(129, 7, 9, 1),
(130, 7, 10, 1),
(131, 7, 11, 1),
(132, 7, 12, 1),
(133, 7, 13, 1),
(134, 7, 14, 1),
(135, 7, 15, 1),
(136, 7, 16, 1),
(137, 7, 17, 1),
(138, 7, 18, 1),
(139, 7, 19, 1),
(140, 7, 20, 1),
(141, 8, 1, 1),
(142, 8, 2, 1),
(143, 8, 3, 1),
(144, 8, 4, 1),
(145, 8, 5, 1),
(146, 8, 6, 1),
(147, 8, 7, 1),
(148, 8, 8, 1),
(149, 8, 9, 1),
(150, 8, 10, 1),
(151, 8, 11, 1),
(152, 8, 12, 1),
(153, 8, 13, 1),
(154, 8, 14, 1),
(155, 8, 15, 1),
(156, 8, 16, 1),
(157, 8, 17, 1),
(158, 8, 18, 1),
(159, 8, 19, 1),
(160, 8, 20, 1),
(161, 9, 1, 1),
(162, 9, 2, 1),
(163, 9, 3, 1),
(164, 9, 4, 1),
(165, 9, 5, 1),
(166, 9, 6, 1),
(167, 9, 7, 1),
(168, 9, 8, 1),
(169, 9, 9, 1),
(170, 9, 10, 1),
(171, 9, 11, 1),
(172, 9, 12, 1),
(173, 9, 13, 1),
(174, 9, 14, 1),
(175, 9, 15, 1),
(176, 9, 16, 1),
(177, 9, 17, 1),
(178, 9, 18, 1),
(179, 9, 19, 1),
(180, 9, 20, 1),
(181, 10, 1, 1),
(182, 10, 2, 1),
(183, 10, 3, 1),
(184, 10, 4, 1),
(185, 10, 5, 1),
(186, 10, 6, 1),
(187, 10, 7, 1),
(188, 10, 8, 1),
(189, 10, 9, 1),
(190, 10, 10, 1),
(191, 10, 11, 1),
(192, 10, 12, 1),
(193, 10, 13, 1),
(194, 10, 14, 1),
(195, 10, 15, 1),
(196, 10, 16, 1),
(197, 10, 17, 1),
(198, 10, 18, 1),
(199, 10, 19, 1),
(200, 10, 20, 1);

-- --------------------------------------------------------

--
-- Structure de la table `sessions`
--

CREATE TABLE `sessions` (
  `id` bigint(20) UNSIGNED NOT NULL,
  `user_id` bigint(20) UNSIGNED NOT NULL,
  `quiz_id` bigint(20) UNSIGNED NOT NULL,
  `date_start` datetime NOT NULL,
  `date_stop` datetime NOT NULL,
  `score` int(3) NOT NULL
) ENGINE=InnoDB DEFAULT CHARSET=utf8mb4 COLLATE=utf8mb4_unicode_ci;

--
-- Contenu de la table `sessions`
--

INSERT INTO `sessions` (`id`, `user_id`, `quiz_id`, `date_start`, `date_stop`, `score`) VALUES
(1, 1, 1, '2016-01-27 20:04:40', '2016-01-27 20:04:40', 32),
(2, 1, 2, '2016-01-27 20:04:40', '2016-01-27 20:04:40', 8),
(3, 1, 3, '2016-01-27 20:04:40', '2016-01-27 20:04:40', 0),
(4, 1, 4, '2016-01-27 20:04:40', '2016-01-27 20:04:40', 45),
(5, 1, 5, '2016-01-27 20:04:40', '2016-01-27 20:04:40', 4),
(6, 1, 6, '2016-01-27 20:04:40', '2016-01-27 20:04:40', 63),
(7, 1, 7, '2016-01-27 20:04:40', '2016-01-27 20:04:40', 74),
(8, 1, 8, '2016-01-27 20:04:40', '2016-01-27 20:04:40', 11),
(9, 1, 9, '2016-01-27 20:04:40', '2016-01-27 20:04:40', 2),
(10, 1, 10, '2016-01-27 20:04:40', '2016-01-27 20:04:40', 2),
(11, 2, 1, '2016-01-27 20:04:40', '2016-01-27 20:04:40', 7),
(12, 2, 2, '2016-01-27 20:04:40', '2016-01-27 20:04:40', 51),
(13, 2, 3, '2016-01-27 20:04:40', '2016-01-27 20:04:40', 30),
(14, 2, 4, '2016-01-27 20:04:40', '2016-01-27 20:04:40', 22),
(15, 2, 5, '2016-01-27 20:04:40', '2016-01-27 20:04:40', 77),
(16, 2, 6, '2016-01-27 20:04:40', '2016-01-27 20:04:40', 1),
(17, 2, 7, '2016-01-27 20:04:40', '2016-01-27 20:04:40', 5),
(18, 2, 8, '2016-01-27 20:04:40', '2016-01-27 20:04:40', 71),
(19, 2, 9, '2016-01-27 20:04:40', '2016-01-27 20:04:40', 90),
(20, 2, 10, '2016-01-27 20:04:40', '2016-01-27 20:04:40', 85),
(21, 3, 1, '2016-01-27 20:04:40', '2016-01-27 20:04:40', 30),
(22, 3, 2, '2016-01-27 20:04:40', '2016-01-27 20:04:40', 44),
(23, 3, 3, '2016-01-27 20:04:40', '2016-01-27 20:04:40', 7),
(24, 3, 4, '2016-01-27 20:04:40', '2016-01-27 20:04:40', 72),
(25, 3, 5, '2016-01-27 20:04:40', '2016-01-27 20:04:40', 80),
(26, 3, 6, '2016-01-27 20:04:40', '2016-01-27 20:04:40', 89),
(27, 3, 7, '2016-01-27 20:04:40', '2016-01-27 20:04:40', 37),
(28, 3, 8, '2016-01-27 20:04:40', '2016-01-27 20:04:40', 86),
(29, 3, 9, '2016-01-27 20:04:40', '2016-01-27 20:04:40', 86),
(30, 3, 10, '2016-01-27 20:04:40', '2016-01-27 20:04:40', 1),
(31, 4, 1, '2016-01-27 20:04:40', '2016-01-27 20:04:40', 40),
(32, 4, 2, '2016-01-27 20:04:40', '2016-01-27 20:04:40', 98),
(33, 4, 3, '2016-01-27 20:04:40', '2016-01-27 20:04:40', 100),
(34, 4, 4, '2016-01-27 20:04:40', '2016-01-27 20:04:40', 30),
(35, 4, 5, '2016-01-27 20:04:40', '2016-01-27 20:04:40', 24),
(36, 4, 6, '2016-01-27 20:04:40', '2016-01-27 20:04:40', 29),
(37, 4, 7, '2016-01-27 20:04:40', '2016-01-27 20:04:40', 6),
(38, 4, 8, '2016-01-27 20:04:40', '2016-01-27 20:04:40', 72),
(39, 4, 9, '2016-01-27 20:04:40', '2016-01-27 20:04:40', 50),
(40, 4, 10, '2016-01-27 20:04:40', '2016-01-27 20:04:40', 54),
(41, 5, 1, '2016-01-27 20:04:40', '2016-01-27 20:04:40', 41),
(42, 5, 2, '2016-01-27 20:04:40', '2016-01-27 20:04:40', 72),
(43, 5, 3, '2016-01-27 20:04:40', '2016-01-27 20:04:40', 26),
(44, 5, 4, '2016-01-27 20:04:40', '2016-01-27 20:04:40', 92),
(45, 5, 5, '2016-01-27 20:04:40', '2016-01-27 20:04:40', 87),
(46, 5, 6, '2016-01-27 20:04:40', '2016-01-27 20:04:40', 28),
(47, 5, 7, '2016-01-27 20:04:40', '2016-01-27 20:04:40', 12),
(48, 5, 8, '2016-01-27 20:04:40', '2016-01-27 20:04:40', 15),
(49, 5, 9, '2016-01-27 20:04:40', '2016-01-27 20:04:40', 78),
(50, 5, 10, '2016-01-27 20:04:40', '2016-01-27 20:04:40', 87);

-- --------------------------------------------------------

--
-- Structure de la table `skills`
--

CREATE TABLE `skills` (
  `id` bigint(20) UNSIGNED NOT NULL,
  `tag` varchar(50) COLLATE utf8mb4_unicode_ci NOT NULL
) ENGINE=InnoDB DEFAULT CHARSET=utf8mb4 COLLATE=utf8mb4_unicode_ci;

--
-- Contenu de la table `skills`
--

INSERT INTO `skills` (`id`, `tag`) VALUES
(1, 'tag1'),
(10, 'tag10'),
(2, 'tag2'),
(3, 'tag3'),
(4, 'tag4'),
(5, 'tag5'),
(6, 'tag6'),
(7, 'tag7'),
(8, 'tag8'),
(9, 'tag9');

-- --------------------------------------------------------

--
-- Structure de la table `users`
--

CREATE TABLE `users` (
  `id` bigint(20) UNSIGNED NOT NULL,
  `date_created` datetime NOT NULL,
  `email` varchar(191) COLLATE utf8mb4_unicode_ci NOT NULL,
  `username` varchar(255) COLLATE utf8mb4_unicode_ci NOT NULL,
  `first_name` varchar(50) COLLATE utf8mb4_unicode_ci NOT NULL,
  `last_name` varchar(50) COLLATE utf8mb4_unicode_ci NOT NULL,
  `password` varchar(255) COLLATE utf8mb4_unicode_ci NOT NULL,
  `role` varchar(255) COLLATE utf8mb4_unicode_ci NOT NULL,
  `is_active` tinyint(1) NOT NULL
) ENGINE=InnoDB DEFAULT CHARSET=utf8mb4 COLLATE=utf8mb4_unicode_ci;

--
-- Contenu de la table `users`
--

INSERT INTO `users` (`id`, `date_created`, `email`, `username`, `first_name`, `last_name`, `password`, `role`, `is_active`) VALUES
(1, '2016-01-27 19:29:48', 'user1@gmail.fr', 'pseudo1', 'user1', 'x1', 'pass1', 'student', 1),
(2, '2016-01-27 19:29:48', 'user2@gmail.fr', 'pseudo2', 'user2', 'x2', 'pass2', 'student', 1),
(3, '2016-01-27 19:29:48', 'user3@gmail.fr', 'pseudo3', 'user3', 'x3', 'pass3', 'student', 1),
(4, '2016-01-27 19:29:48', 'user4@gmail.fr', 'pseudo4', 'user4', 'x4', 'pass4', 'student', 1),
(5, '2016-01-27 19:29:48', 'user5@gmail.fr', 'pseudo5', 'user5', 'x5', 'pass5', 'student', 1);

--
-- Index pour les tables exportées
--

--
-- Index pour la table `answers`
--
ALTER TABLE `answers`
  ADD PRIMARY KEY (`id`),
  ADD UNIQUE KEY `answer_unique` (`session_id`,`user_id`,`question_id`),
  ADD KEY `session_id` (`session_id`),
  ADD KEY `user_id` (`user_id`),
  ADD KEY `question_id` (`question_id`);

--
-- Index pour la table `choices`
--
ALTER TABLE `choices`
  ADD PRIMARY KEY (`id`),
  ADD KEY `question_id` (`question_id`);

--
-- Index pour la table `questions`
--
ALTER TABLE `questions`
  ADD PRIMARY KEY (`id`),
  ADD KEY `user_id` (`creator_id`);

--
-- Index pour la table `quizs`
--
ALTER TABLE `quizs`
  ADD PRIMARY KEY (`id`),
  ADD KEY `user_id` (`creator_id`);

--
-- Index pour la table `quizs__questions`
--
ALTER TABLE `quizs__questions`
  ADD PRIMARY KEY (`id`),
  ADD UNIQUE KEY `quiz_question_unique` (`quiz_id`,`question_id`),
  ADD KEY `quiz_id` (`quiz_id`),
  ADD KEY `question_id` (`question_id`);

--
-- Index pour la table `sessions`
--
ALTER TABLE `sessions`
  ADD PRIMARY KEY (`id`),
  ADD KEY `quiz_id` (`quiz_id`),
  ADD KEY `user_id` (`user_id`);

--
-- Index pour la table `skills`
--
ALTER TABLE `skills`
  ADD PRIMARY KEY (`id`),
  ADD UNIQUE KEY `tag` (`tag`);

--
-- Index pour la table `users`
--
ALTER TABLE `users`
  ADD PRIMARY KEY (`id`),
  ADD UNIQUE KEY `email` (`email`);

--
-- AUTO_INCREMENT pour les tables exportées
--

--
-- AUTO_INCREMENT pour la table `answers`
--
ALTER TABLE `answers`
  MODIFY `id` bigint(20) UNSIGNED NOT NULL AUTO_INCREMENT, AUTO_INCREMENT=101;
--
-- AUTO_INCREMENT pour la table `choices`
--
ALTER TABLE `choices`
  MODIFY `id` bigint(20) UNSIGNED NOT NULL AUTO_INCREMENT, AUTO_INCREMENT=2059;
--
-- AUTO_INCREMENT pour la table `questions`
--
ALTER TABLE `questions`
  MODIFY `id` bigint(20) UNSIGNED NOT NULL AUTO_INCREMENT, AUTO_INCREMENT=101;
--
-- AUTO_INCREMENT pour la table `quizs`
--
ALTER TABLE `quizs`
  MODIFY `id` bigint(20) UNSIGNED NOT NULL AUTO_INCREMENT, AUTO_INCREMENT=26;
--
-- AUTO_INCREMENT pour la table `quizs__questions`
--
ALTER TABLE `quizs__questions`
  MODIFY `id` bigint(20) UNSIGNED NOT NULL AUTO_INCREMENT, AUTO_INCREMENT=201;
--
-- AUTO_INCREMENT pour la table `sessions`
--
ALTER TABLE `sessions`
  MODIFY `id` bigint(20) UNSIGNED NOT NULL AUTO_INCREMENT, AUTO_INCREMENT=51;
--
-- AUTO_INCREMENT pour la table `users`
--
ALTER TABLE `users`
  MODIFY `id` bigint(20) UNSIGNED NOT NULL AUTO_INCREMENT, AUTO_INCREMENT=6;
--
-- Contraintes pour les tables exportées
--

--
-- Contraintes pour la table `answers`
--
ALTER TABLE `answers`
  ADD CONSTRAINT `answers_ibfk_1` FOREIGN KEY (`session_id`) REFERENCES `sessions` (`id`),
  ADD CONSTRAINT `answers_ibfk_2` FOREIGN KEY (`user_id`) REFERENCES `users` (`id`),
  ADD CONSTRAINT `answers_ibfk_3` FOREIGN KEY (`question_id`) REFERENCES `questions` (`id`);

--
-- Contraintes pour la table `choices`
--
ALTER TABLE `choices`
  ADD CONSTRAINT `choices_ibfk_1` FOREIGN KEY (`question_id`) REFERENCES `questions` (`id`);

--
-- Contraintes pour la table `questions`
--
ALTER TABLE `questions`
  ADD CONSTRAINT `questions_ibfk_1` FOREIGN KEY (`creator_id`) REFERENCES `users` (`id`);

--
-- Contraintes pour la table `quizs`
--
ALTER TABLE `quizs`
  ADD CONSTRAINT `quizs_ibfk_1` FOREIGN KEY (`creator_id`) REFERENCES `users` (`id`);

--
-- Contraintes pour la table `quizs__questions`
--
ALTER TABLE `quizs__questions`
  ADD CONSTRAINT `quizs__questions_ibfk_1` FOREIGN KEY (`quiz_id`) REFERENCES `quizs` (`id`),
  ADD CONSTRAINT `quizs__questions_ibfk_2` FOREIGN KEY (`question_id`) REFERENCES `questions` (`id`);

--
-- Contraintes pour la table `sessions`
--
ALTER TABLE `sessions`
  ADD CONSTRAINT `sessions_ibfk_1` FOREIGN KEY (`quiz_id`) REFERENCES `quizs` (`id`);

/*!40101 SET CHARACTER_SET_CLIENT=@OLD_CHARACTER_SET_CLIENT */;
/*!40101 SET CHARACTER_SET_RESULTS=@OLD_CHARACTER_SET_RESULTS */;
/*!40101 SET COLLATION_CONNECTION=@OLD_COLLATION_CONNECTION */;
